Variable,DF,Estimate,LowerCL,UpperCL,ZStat,ProbZStat,Model,zlabel,SoftVer,SrcData
Intercept,1,-3.889287481731,-3.974330501225,-3.804244462237,-89.63538024734,0.000000000000,Gee,Intercept,v2025,"HCUP 2020, 2021, 2022"
Age_LT30,1,-0.489181657404,-0.637713032214,-0.340650282594,-6.455056594185,0.000000000108,Gee,Age < 30,v2025,"HCUP 2020, 2021, 2022"
Age_30_34,1,-0.601475836595,-0.722134548041,-0.480817125148,-9.770293111533,0.000000000000,Gee,30 <= Age <= 34,v2025,"HCUP 2020, 2021, 2022"
Age_35_39,1,-0.538493900621,-0.626449440067,-0.450538361175,-11.99956998453,0.000000000000,Gee,35 <= Age <= 39,v2025,"HCUP 2020, 2021, 2022"
Age_40_44,1,-0.521523074802,-0.605486256346,-0.437559893258,-12.17398417881,0.000000000000,Gee,40 <= Age <= 44,v2025,"HCUP 2020, 2021, 2022"
Age_45_49,1,-0.480379795695,-0.562322842101,-0.398436749290,-11.49001824762,0.000000000000,Gee,45 <= Age <= 49,v2025,"HCUP 2020, 2021, 2022"
Age_50_54,1,-0.362351748042,-0.429762260968,-0.294941235116,-10.53539492682,0.000000000000,Gee,50 <= Age <= 54,v2025,"HCUP 2020, 2021, 2022"
Age_55_59,1,-0.107579446957,-0.161819570288,-0.053339323627,-3.887377619473,0.000101333048,Gee,55 <= Age <= 59,v2025,"HCUP 2020, 2021, 2022"
Age_60_64,1,-0.083471500981,-0.119934694621,-0.047008307341,-4.486747301193,0.000007231876,Gee,60 <= Age <= 64,v2025,"HCUP 2020, 2021, 2022"
Age_70_74,1,0.082743017721,0.052447347794,0.113038687648,5.353020253245,0.000000086498,Gee,70 <= Age <= 74,v2025,"HCUP 2020, 2021, 2022"
Age_75_79,1,0.183756106764,0.148989653107,0.218522560420,10.359277789772,0.000000000000,Gee,75 <= Age <= 79,v2025,"HCUP 2020, 2021, 2022"
Age_80_84,1,0.236476827120,0.195458108519,0.277495545720,11.299379408902,0.000000000000,Gee,80 <= Age <= 84,v2025,"HCUP 2020, 2021, 2022"
Age_85_89,1,0.223685360670,0.139303464905,0.308067256436,5.195607977337,0.000000204052,Gee,85 <= Age <= 89,v2025,"HCUP 2020, 2021, 2022"
Age_90Plus,1,-0.043259716322,-0.149094985152,0.062575552508,-0.801126948607,0.423058156563,Gee,Age >= 90,v2025,"HCUP 2020, 2021, 2022"
MALE,1,-0.028339361413,-0.055113762687,-0.001564960138,-2.074523614731,0.038030707929,Gee,Patient Sex Flag: 1=Male / 0=Female,v2025,"HCUP 2020, 2021, 2022"
Age_45_49_MALE,1,0.326780366962,0.227832327466,0.425728406458,6.472869531954,0.000000000096,Gee,45 <= Age <= 49 MALE,v2025,"HCUP 2020, 2021, 2022"
Age_50_54_MALE,1,0.173315294627,0.090243489716,0.256387099538,4.089133922197,0.000043298682,Gee,50 <= Age <= 54 MALE,v2025,"HCUP 2020, 2021, 2022"
Age_55_59_MALE,1,-0.058711409006,-0.123748560907,0.006325742894,-1.769330971170,0.076838657818,Gee,55 <= Age <= 59 MALE,v2025,"HCUP 2020, 2021, 2022"
Age_85_89_MALE,1,0.034552588039,-0.075220229755,0.144325405833,0.616927118111,0.537282799016,Gee,85 <= Age <= 89 MALE,v2025,"HCUP 2020, 2021, 2022"
CMR_ALCOHOL,1,0.617287865746,0.553259189200,0.681316542292,18.895626931842,0.000000000000,Gee,Alcohol abuse,v2025,"HCUP 2020, 2021, 2022"
CMR_ANEMDEF,1,0.047968959948,0.006455449036,0.089482470859,2.264743015207,0.023528454164,Gee,Anemias due to other nutritional deficiencies,v2025,"HCUP 2020, 2021, 2022"
CMR_AUTOIMMUNE,1,0.010843029926,-0.044102269803,0.065788329655,0.386783732974,0.698916320961,Gee,Autoimmune conditions,v2025,"HCUP 2020, 2021, 2022"
CMR_CANCER_LEUK,1,0.400219719014,0.293012016284,0.507427421743,7.316789887278,0.000000000000,Gee,Leukemia,v2025,"HCUP 2020, 2021, 2022"
CMR_CANCER_LYMPH,1,0.263923105258,0.152112279375,0.375733931141,4.626383687882,0.000003721057,Gee,Lymphoma,v2025,"HCUP 2020, 2021, 2022"
CMR_CANCER_METS,1,0.251761654716,0.187254611627,0.316268697805,7.649455816018,0.000000000000,Gee,Metastatic cancer,v2025,"HCUP 2020, 2021, 2022"
CMR_CANCER_SOLID,1,0.156528788265,0.101965217201,0.211092359329,5.622630292746,0.000000018807,Gee,"Solid tumor without metastasis, malignant",v2025,"HCUP 2020, 2021, 2022"
CMR_CBVD,1,0.022057801502,-0.028469506779,0.072585109782,0.855626353207,0.392204488340,Gee,Cerebrovascular disease,v2025,"HCUP 2020, 2021, 2022"
CMR_COAG,1,0.515458313398,0.467332618081,0.563584008715,20.992522251197,0.000000000000,Gee,Coagulopathy,v2025,"HCUP 2020, 2021, 2022"
CMR_DEMENTIA,1,0.310838816036,0.236847886184,0.384829745887,8.233886040467,0.000000000000,Gee,Dementia,v2025,"HCUP 2020, 2021, 2022"
CMR_DIAB_CX,1,0.243430893894,0.211066521707,0.275795266081,14.742006487862,0.000000000000,Gee,Diabetes with chronic complications,v2025,"HCUP 2020, 2021, 2022"
CMR_DIAB_UNCX,1,-0.248321211489,-0.292135936042,-0.204506486936,-11.10815224967,0.000000000000,Gee,Diabetes without chronic complications,v2025,"HCUP 2020, 2021, 2022"
CMR_DRUG_ABUSE,1,0.381736877024,0.304159304633,0.459314449415,9.644417935172,0.000000000000,Gee,Drug abuse,v2025,"HCUP 2020, 2021, 2022"
CMR_HF,1,0.548123329521,0.504963511512,0.591283147529,24.891253821532,0.000000000000,Gee,Heart failure,v2025,"HCUP 2020, 2021, 2022"
CMR_HTN_CX,1,0.239972992997,0.192591305294,0.287354680701,9.926586542963,0.000000000000,Gee,"Hypertension, complicated",v2025,"HCUP 2020, 2021, 2022"
CMR_HTN_UNCX,1,-0.139585131676,-0.181528376547,-0.097641886805,-6.522667278179,0.000000000069,Gee,"Hypertension, uncomplicated",v2025,"HCUP 2020, 2021, 2022"
CMR_LIVER_MLD,1,0.145210479078,0.095113850461,0.195307107695,5.681166917362,0.000000013378,Gee,"Liver disease, mild",v2025,"HCUP 2020, 2021, 2022"
CMR_LIVER_SEV,1,0.458233877145,0.362422467192,0.554045287097,9.373851153477,0.000000000000,Gee,"Liver disease, moderate to severe",v2025,"HCUP 2020, 2021, 2022"
CMR_LUNG_CHRONIC,1,0.433292875693,0.404570101370,0.462015650016,29.566727139833,0.000000000000,Gee,Chronic pulmonary disease,v2025,"HCUP 2020, 2021, 2022"
CMR_NEURO_OTH,1,1.029636703396,0.966666149680,1.092607257112,32.047532326118,0.000000000000,Gee,Other neurological disorders,v2025,"HCUP 2020, 2021, 2022"
CMR_NEURO_SEIZ,1,0.360040168236,0.300731647313,0.419348689159,11.898218868831,0.000000000000,Gee,Seizures and epilepsy,v2025,"HCUP 2020, 2021, 2022"
CMR_OBESE,1,0.332276021939,0.299899478667,0.364652565211,20.114841490592,0.000000000000,Gee,Obesity,v2025,"HCUP 2020, 2021, 2022"
CMR_PARALYSIS,1,0.599757136857,0.537187732864,0.662326540851,18.787175723026,0.000000000000,Gee,Paralysis,v2025,"HCUP 2020, 2021, 2022"
CMR_PERIVASC,1,0.340763601693,0.306426748233,0.375100455152,19.450949031815,0.000000000000,Gee,Peripheral vascular disease,v2025,"HCUP 2020, 2021, 2022"
CMR_PSYCHOSES,1,0.252016017226,0.189532880881,0.314499153572,7.905210048329,0.000000000000,Gee,Psychoses,v2025,"HCUP 2020, 2021, 2022"
CMR_PULMCIRC,1,0.450685191261,0.400905928104,0.500464454419,17.744873813048,0.000000000000,Gee,Pulmonary circulation disease,v2025,"HCUP 2020, 2021, 2022"
CMR_RENLFL_MOD,1,0.017271388837,-0.022451842444,0.056994620117,0.852178913746,0.394114798143,Gee,"Renal failure, moderate",v2025,"HCUP 2020, 2021, 2022"
CMR_RENLFL_SEV,1,0.555635209360,0.499058964043,0.612211454677,19.248802970083,0.000000000000,Gee,"Renal failure, severe",v2025,"HCUP 2020, 2021, 2022"
CMR_THYROID_HYPO,1,-0.011617960658,-0.043575075941,0.020339154624,-0.712541925739,0.476129259010,Gee,Hypothyroidism,v2025,"HCUP 2020, 2021, 2022"
CMR_ULCER_PEPTIC,1,0.708698135296,0.612578916438,0.804817354154,14.451041504421,0.000000000000,Gee,Peptic ulcer disease x bleeding,v2025,"HCUP 2020, 2021, 2022"
CMR_VALVE,1,0.141238535290,0.095677666716,0.186799403865,6.075881585647,0.000000001233,Gee,Valvular disease,v2025,"HCUP 2020, 2021, 2022"
CMR_WGHTLOSS,1,1.261916571824,1.210166807736,1.313666335912,47.793667774914,0.000000000000,Gee,Weight loss,v2025,"HCUP 2020, 2021, 2022"
MDC_2,1,-2.539926285073,-3.356037623323,-1.723814946823,-6.099858939350,0.000000001062,Gee,Diseases and disorders of the eye,v2025,"HCUP 2020, 2021, 2022"
MDC_22,1,-1.715375537536,-2.070579326343,-1.360171748730,-9.465198231210,0.000000000000,Gee,Burns,v2025,"HCUP 2020, 2021, 2022"
MDRG_101,1,-1.161107886845,-1.466237259585,-0.855978514105,-7.458245071403,0.000000000000,Gee,INTRACRANIAL VASCULAR PROCEDURES W PDX HEMORRHAGE,v2025,"HCUP 2020, 2021, 2022"
MDRG_102,1,-1.108907401385,-1.313113872993,-0.904700929777,-10.64324040168,0.000000000000,Gee,CRANIO W MAJOR DEV IMPL/ACUTE COMPLEX CNS PDX,v2025,"HCUP 2020, 2021, 2022"
MDRG_103,1,-1.765835438417,-1.875532836190,-1.656138040644,-31.55019109101,0.000000000000,Gee,CRANIOTOMY & ENDOVASCULAR INTRACRANIAL PROCEDURES,v2025,"HCUP 2020, 2021, 2022"
MDRG_104,1,-1.979952809781,-2.185237901562,-1.774667717999,-18.90364353582,0.000000000000,Gee,SPINAL PROCEDURES,v2025,"HCUP 2020, 2021, 2022"
MDRG_105,1,-3.302659029375,-3.636965138190,-2.968352920561,-19.36277136470,0.000000000000,Gee,VENTRICULAR SHUNT PROCEDURES,v2025,"HCUP 2020, 2021, 2022"
MDRG_106,1,-2.921249087524,-3.114761953424,-2.727736221624,-29.58740223695,0.000000000000,Gee,CAROTID ARTERY STENT PROCEDURES,v2025,"HCUP 2020, 2021, 2022"
MDRG_107,1,-2.481224980969,-2.590914688393,-2.371535273546,-44.33516794288,0.000000000000,Gee,EXTRACRANIAL PROCEDURES,v2025,"HCUP 2020, 2021, 2022"
MDRG_108,1,-2.633430325574,-2.955195018292,-2.311665632855,-16.04100359896,0.000000000000,Gee,PERIPH/CRANIAL NERVE & OTHER NERV SYST PROC,v2025,"HCUP 2020, 2021, 2022"
MDRG_203,1,0.024702840273,-1.387614365112,1.437020045659,0.034281730101,0.972652493574,Gee,INTRAOCULAR PROCEDURES,v2025,"HCUP 2020, 2021, 2022"
MDRG_301,1,-1.997938496592,-2.340529905600,-1.655347087584,-11.43019758722,0.000000000000,Gee,MAJOR HEAD & NECK PROCEDURES,v2025,"HCUP 2020, 2021, 2022"
MDRG_302,1,-1.791742154615,-2.079634222535,-1.503850086695,-12.19814813935,0.000000000000,Gee,"OTHER EAR, NOSE, MOUTH & THROAT O.R. PROCEDURES",v2025,"HCUP 2020, 2021, 2022"
MDRG_304,1,-2.438212110775,-3.637263954533,-1.239160267016,-3.985488991710,0.000067341299,Gee,MOUTH PROCEDURES,v2025,"HCUP 2020, 2021, 2022"
MDRG_501,1,-1.668291500811,-1.989433307682,-1.347149693941,-10.18176764081,0.000000000000,Gee,OTHER HEART ASSIST SYSTEM IMPLANT,v2025,"HCUP 2020, 2021, 2022"
MDRG_503,1,-0.274648127170,-0.363147932154,-0.186148322186,-6.082504224398,0.000000001183,Gee,CARDIAC VALVE & OTH MAJ CARDIOTHORACIC PROC,v2025,"HCUP 2020, 2021, 2022"
MDRG_505,1,-0.531787917343,-0.658190340056,-0.405385494630,-8.245768894552,0.000000000000,Gee,OTHER CARDIOTHORACIC PROCEDURES,v2025,"HCUP 2020, 2021, 2022"
MDRG_506,1,0.469922882651,0.256920666527,0.682925098774,4.324048558132,0.000015319155,Gee,CORONARY BYPASS W PTCA,v2025,"HCUP 2020, 2021, 2022"
MDRG_507,1,-0.362216561605,-0.451779601025,-0.272653522184,-7.926611467662,0.000000000000,Gee,CORONARY BYPASS WITH CARDIAC CATHETERIZATION OR OPEN ABLATION,v2025,"HCUP 2020, 2021, 2022"
MDRG_509,1,-2.170763520160,-2.309889193419,-2.031637846901,-30.58111575534,0.000000000000,Gee,AMPUTATION FOR CIRC SYS DISORDERS EXC UPPER LIMB & TOE,v2025,"HCUP 2020, 2021, 2022"
MDRG_510,1,-2.460528648042,-2.778104567298,-2.142952728785,-15.18549499719,0.000000000000,Gee,PERMANENT CARDIAC PACEMAKER IMPLANT AND PROCEDURES,v2025,"HCUP 2020, 2021, 2022"
MDRG_511,1,-2.666665630696,-2.828246938750,-2.505084322643,-32.34636888351,0.000000000000,Gee,PERC CARDIOVASC PROC W INTRALUMINAL DEVICE,v2025,"HCUP 2020, 2021, 2022"
MDRG_512,1,-2.045649326376,-2.426846253724,-1.664452399029,-10.51792057349,0.000000000000,Gee,AICD PROCEDURES,v2025,"HCUP 2020, 2021, 2022"
MDRG_513,1,-2.092544687338,-2.465659793775,-1.719429580901,-10.99208301262,0.000000000000,Gee,PERC CARDIOVASC PROC W/O INTRALUMINAL DEVICE,v2025,"HCUP 2020, 2021, 2022"
MDRG_514,1,-2.333145681011,-2.424869360571,-2.241422001451,-49.85497231910,0.000000000000,Gee,OTHER VASCULAR PROCEDURES,v2025,"HCUP 2020, 2021, 2022"
MDRG_515,1,-2.739260783129,-3.238711218644,-2.239810347614,-10.74952006732,0.000000000000,Gee,UPPER LIMB & TOE AMPUTATION FOR CIRC SYSTEM DISORDERS,v2025,"HCUP 2020, 2021, 2022"
MDRG_517,1,-1.855405793300,-2.209635158779,-1.501176427820,-10.26602785078,0.000000000000,Gee,CARDIAC PACEMAKER REVISION EXCEPT DEVICE REPLACEMENT,v2025,"HCUP 2020, 2021, 2022"
MDRG_518,1,-1.552651470115,-2.243869443855,-0.861433496376,-4.402577880760,0.000010697217,Gee,VEIN LIGATION & STRIPPING,v2025,"HCUP 2020, 2021, 2022"
MDRG_519,1,-1.974359935322,-2.194732097198,-1.753987773446,-17.55972411761,0.000000000000,Gee,OTHER CIRCULATORY SYSTEM O.R. PROCEDURES,v2025,"HCUP 2020, 2021, 2022"
MDRG_536,1,-2.382889274579,-2.789499577329,-1.976278971829,-11.48612596812,0.000000000000,Gee,OTHER ENDOVASCULAR CARDIAC VALVE PROCEDURES,v2025,"HCUP 2020, 2021, 2022"
MDRG_540,1,-2.840201919110,-2.928481625024,-2.751922213196,-63.05745372223,0.000000000000,Gee,ENDOVASCULAR CARDIAC VALVE REPLACEMENT,v2025,"HCUP 2020, 2021, 2022"
MDRG_541,1,-1.564425765338,-1.657893808336,-1.470957722340,-32.80498936541,0.000000000000,Gee,AORTIC AND HEART ASSIST PROCEDURES EXCEPT PULSATION BALLOON,v2025,"HCUP 2020, 2021, 2022"
MDRG_542,1,-1.049767323469,-1.136339092691,-0.963195554247,-23.76647912641,0.000000000000,Gee,OTHER MAJOR CARDIOVASCULAR PROCEDURES,v2025,"HCUP 2020, 2021, 2022"
MDRG_543,1,-2.020640385413,-2.172170475504,-1.869110295321,-26.13594685208,0.000000000000,Gee,PERCUTANEOUS AND OTHER INTRACARDIAC PROCEDURES,v2025,"HCUP 2020, 2021, 2022"
MDRG_544,1,-1.971169326308,-2.160781435961,-1.781557216655,-20.37539107640,0.000000000000,Gee,CARDIAC DEFIBRILLATOR IMPLANT OR CAROTID SINUS NEUROSTIMULATOR,v2025,"HCUP 2020, 2021, 2022"
MDRG_601,1,-1.289966178753,-1.392030788376,-1.187901569130,-24.77143900285,0.000000000000,Gee,"STOMACH, ESOPHAGEAL & DUODENAL PROC",v2025,"HCUP 2020, 2021, 2022"
MDRG_602,1,-1.581655392346,-1.660983241865,-1.502327542826,-39.07817524041,0.000000000000,Gee,MAJOR SMALL & LARGE BOWEL PROCEDURES,v2025,"HCUP 2020, 2021, 2022"
MDRG_603,1,-2.225882077693,-2.529166674254,-1.922597481133,-14.38466956642,0.000000000000,Gee,RECTAL RESECTION,v2025,"HCUP 2020, 2021, 2022"
MDRG_604,1,-1.462477646630,-1.601656040881,-1.323299252379,-20.59517593241,0.000000000000,Gee,PERITONEAL ADHESIOLYSIS,v2025,"HCUP 2020, 2021, 2022"
MDRG_607,1,-2.184085915257,-2.517339956016,-1.850831874498,-12.84524479671,0.000000000000,Gee,MINOR SMALL & LARGE BOWEL PROCEDURES,v2025,"HCUP 2020, 2021, 2022"
MDRG_608,1,-2.508438144928,-2.874618423288,-2.142257866568,-13.42630587185,0.000000000000,Gee,ANAL & STOMAL PROCEDURES,v2025,"HCUP 2020, 2021, 2022"
MDRG_609,1,-1.296179909003,-1.514654228716,-1.077705589291,-11.62821306629,0.000000000000,Gee,INGUINAL & FEMORAL HERNIA PROCEDURES,v2025,"HCUP 2020, 2021, 2022"
MDRG_610,1,-1.479632768691,-1.602554393391,-1.356711143991,-23.59248784794,0.000000000000,Gee,HERNIA PROCEDURES EXCEPT INGUINAL & FEMORAL,v2025,"HCUP 2020, 2021, 2022"
MDRG_611,1,-1.988036146529,-2.182553941281,-1.793518351776,-20.03147965008,0.000000000000,Gee,OTHER DIGESTIVE SYSTEM O.R. PROCEDURES,v2025,"HCUP 2020, 2021, 2022"
MDRG_622,1,-2.479444294510,-2.922324946351,-2.036563642668,-10.97275642706,0.000000000000,Gee,APPENDIX PROCEDURES,v2025,"HCUP 2020, 2021, 2022"
MDRG_701,1,-1.105246709443,-1.217067726753,-0.993425692132,-19.37242028953,0.000000000000,Gee,"PANCREAS, LIVER & SHUNT PROCEDURES",v2025,"HCUP 2020, 2021, 2022"
MDRG_702,1,-1.386125165126,-1.657984743087,-1.114265587165,-9.993230409941,0.000000000000,Gee,BILIARY TRACT PROC EXCEPT ONLY CHOLECYST W OR W/O C.D.E.,v2025,"HCUP 2020, 2021, 2022"
MDRG_703,1,-1.633784750637,-2.520076722999,-0.747492778274,-3.612984625375,0.000302692658,Gee,CHOLECYSTECTOMY W C.D.E.,v2025,"HCUP 2020, 2021, 2022"
MDRG_704,1,-1.650992940176,-1.871996396817,-1.429989483534,-14.64179226269,0.000000000000,Gee,CHOLECYSTECTOMY EXCEPT BY LAPAROSCOPE W/O C.D.E.,v2025,"HCUP 2020, 2021, 2022"
MDRG_705,1,-1.974662156886,-2.159597385510,-1.789726928262,-20.92768769868,0.000000000000,Gee,LAPAROSCOPIC CHOLECYSTECTOMY W/O C.D.E.,v2025,"HCUP 2020, 2021, 2022"
MDRG_706,1,-2.019829957396,-2.361806965096,-1.677852949697,-11.57619922469,0.000000000000,Gee,HEPATOBILIARY DIAGNOSTIC PROCEDURES,v2025,"HCUP 2020, 2021, 2022"
MDRG_707,1,-2.263579967093,-2.780680250695,-1.746479683491,-8.579641807054,0.000000000000,Gee,OTHER HEPATOBILIARY OR PANCREAS O.R. PROCEDURES,v2025,"HCUP 2020, 2021, 2022"
MDRG_801,1,-2.045336959390,-2.146303311431,-1.944370607349,-39.70418555890,0.000000000000,Gee,COMBINED ANTERIOR/POSTERIOR SPINAL FUSION,v2025,"HCUP 2020, 2021, 2022"
MDRG_802,1,-1.323808753869,-1.470734202312,-1.176883305426,-17.65941508092,0.000000000000,Gee,SPINAL FUS EXC CERV W SPINAL CURV/MALIG/INFEC OR EXT FUS,v2025,"HCUP 2020, 2021, 2022"
MDRG_803,1,-2.678427497259,-2.786539144133,-2.570315850385,-48.55740876776,0.000000000000,Gee,SPINAL FUSION EXCEPT CERVICAL,v2025,"HCUP 2020, 2021, 2022"
MDRG_804,1,-3.426694495430,-3.858419049405,-2.994969941454,-15.55667319642,0.000000000000,Gee,BILATERAL OR MULTIPLE MAJOR JOINT PROCS OF LOWER EXTREMITY,v2025,"HCUP 2020, 2021, 2022"
MDRG_805,1,-2.546675132696,-2.740271596747,-2.353078668645,-25.78245199301,0.000000000000,Gee,"WND DEBRID & SKN GRFT EXC HAND, FOR MUSCULO-CONN TISS DIS",v2025,"HCUP 2020, 2021, 2022"
MDRG_806,1,-3.216142862661,-3.358385984411,-3.073899740911,-44.31514228881,0.000000000000,Gee,REVISION OF HIP OR KNEE REPLACEMENT,v2025,"HCUP 2020, 2021, 2022"
MDRG_807,1,-3.551733356204,-3.656023127722,-3.447443584686,-66.74930206036,0.000000000000,Gee,MAJOR JOINT REPLACEMENT OR REATTACHMENT OF LOWER EXTREMITY,v2025,"HCUP 2020, 2021, 2022"
MDRG_808,1,-2.184664711063,-2.291651372892,-2.077678049234,-40.02241100695,0.000000000000,Gee,CERVICAL SPINAL FUSION,v2025,"HCUP 2020, 2021, 2022"
MDRG_809,1,-2.701879532786,-2.946406280485,-2.457352785087,-21.65647163206,0.000000000000,Gee,AMPUTATION FOR MUSCULOSKELETAL SYS & CONN TISSUE DIS,v2025,"HCUP 2020, 2021, 2022"
MDRG_810,1,-2.729338588961,-3.114236024048,-2.344441153874,-13.89826184415,0.000000000000,Gee,BIOPSIES OF MUSCULOSKELETAL SYSTEM & CONNECTIVE TISSUE,v2025,"HCUP 2020, 2021, 2022"
MDRG_811,1,-2.713754052526,-2.922119015677,-2.505389089375,-25.52665345183,0.000000000000,Gee,HIP & FEMUR PROCEDURES EXCEPT MAJOR JOINT,v2025,"HCUP 2020, 2021, 2022"
MDRG_812,1,-3.479853853534,-3.637850556354,-3.321857150715,-43.16791491641,0.000000000000,Gee,MAJOR JOINT/LIMB REATTACHMENT PROCEDURE OF UPPER EXTREMITIES,v2025,"HCUP 2020, 2021, 2022"
MDRG_813,1,-3.229840559830,-3.699240526993,-2.760440592667,-13.48609206630,0.000000000000,Gee,KNEE PROCEDURES W PDX OF INFECTION,v2025,"HCUP 2020, 2021, 2022"
MDRG_814,1,-3.539846553971,-4.004358421483,-3.075334686460,-14.93604844532,0.000000000000,Gee,KNEE PROCEDURES W/O PDX OF INFECTION,v2025,"HCUP 2020, 2021, 2022"
MDRG_815,1,-2.751140003097,-2.920582298199,-2.581697707995,-31.82284163018,0.000000000000,Gee,BACK & NECK PROC EXC SPINAL FUSION  OR DISC DEVICE/NEUROSTIM,v2025,"HCUP 2020, 2021, 2022"
MDRG_816,1,-2.799596855989,-2.991281786200,-2.607911925777,-28.62566714515,0.000000000000,Gee,"LOWER EXTREM & HUMER PROC EXCEPT HIP,FOOT,FEMUR",v2025,"HCUP 2020, 2021, 2022"
MDRG_817,1,-2.822733172601,-3.185538676505,-2.459927668697,-15.24909434043,0.000000000000,Gee,LOCAL EXCISION & REMOVAL INT FIX DEVICES EXC HIP & FEMUR,v2025,"HCUP 2020, 2021, 2022"
MDRG_818,1,-2.526823485044,-3.094928828498,-1.958718141591,-8.717543468030,0.000000000000,Gee,LOCAL EXCISION & REMOVAL INT FIX DEVICES OF HIP & FEMUR,v2025,"HCUP 2020, 2021, 2022"
MDRG_819,1,-2.115506749706,-2.353600789556,-1.877412709856,-17.41461920294,0.000000000000,Gee,SOFT TISSUE PROCEDURES,v2025,"HCUP 2020, 2021, 2022"
MDRG_820,1,-3.065298034945,-3.542857875520,-2.587738194371,-12.58035797806,0.000000000000,Gee,FOOT PROCEDURES,v2025,"HCUP 2020, 2021, 2022"
MDRG_825,1,-3.044217728251,-4.020325145750,-2.068110310753,-6.112602979455,0.000000000980,Gee,"HAND OR WRIST PROC, EXCEPT MAJOR THUMB OR JOINT PROC",v2025,"HCUP 2020, 2021, 2022"
MDRG_826,1,-2.783011142640,-2.952467014695,-2.613555270584,-32.18892058428,0.000000000000,Gee,OTHER MUSCULOSKELET SYS & CONN TISS O.R. PROC,v2025,"HCUP 2020, 2021, 2022"
MDRG_841,1,-2.718834659175,-3.077256185115,-2.360413133236,-14.86746087010,0.000000000000,Gee,HIP REPLACEMENT WITH PRINCIPAL DIAGNOSIS OF HIP FRACTURE,v2025,"HCUP 2020, 2021, 2022"
MDRG_901,1,-2.584029437254,-3.019222096119,-2.148836778390,-11.63761503980,0.000000000000,Gee,SKIN GRAFT FOR SKIN ULCER OR CELLULITIS,v2025,"HCUP 2020, 2021, 2022"
MDRG_902,1,-2.298580012118,-2.576531027128,-2.020628997109,-16.20837412370,0.000000000000,Gee,SKIN GRAFT EXC FOR SKIN ULCER OR CELLULITIS,v2025,"HCUP 2020, 2021, 2022"
MDRG_903,1,-2.846086281312,-3.065378408258,-2.626794154367,-25.43742306650,0.000000000000,Gee,"OTHER SKIN, SUBCUT TISS & BREAST PROC",v2025,"HCUP 2020, 2021, 2022"
MDRG_904,1,-3.543088589710,-4.144343582264,-2.941833597156,-11.54971869816,0.000000000000,Gee,MASTECTOMY FOR MALIGNANCY,v2025,"HCUP 2020, 2021, 2022"
MDRG_905,1,-3.067347887233,-3.487414710788,-2.647281063678,-14.31175005955,0.000000000000,Gee,"BREAST BIOPSY, LOCAL EXCISION & OTHER BREAST PROCEDURES",v2025,"HCUP 2020, 2021, 2022"
MDRG_913,1,-2.561817564446,-2.885792577291,-2.237842551601,-15.49832537139,0.000000000000,Gee,SKIN DEBRIDEMENT FOR SKIN ULCER OR CELLULITIS,v2025,"HCUP 2020, 2021, 2022"
MDRG_1001,1,-1.655588921125,-1.828736504740,-1.482441337509,-18.74062918380,0.000000000000,Gee,ADRENAL & PITUITARY PROCEDURES,v2025,"HCUP 2020, 2021, 2022"
MDRG_1002,1,-3.183330136116,-3.484351831897,-2.882308440335,-20.72678649125,0.000000000000,Gee,"AMPUTAT OF LOWER LIMB FOR ENDOCRINE,NUTRIT,& METABOL DIS",v2025,"HCUP 2020, 2021, 2022"
MDRG_1003,1,-3.364854075349,-3.504953223944,-3.224754926755,-47.07375360280,0.000000000000,Gee,O.R. PROCEDURES FOR OBESITY,v2025,"HCUP 2020, 2021, 2022"
MDRG_1004,1,-2.714875888984,-3.121509625256,-2.308242152711,-13.08563085218,0.000000000000,Gee,"SKIN GRAFTS & WOUND DEBRID FOR ENDOC, NUTRIT & METAB DIS",v2025,"HCUP 2020, 2021, 2022"
MDRG_1005,1,-1.591230000062,-1.794271599775,-1.388188400349,-15.36017001272,0.000000000000,Gee,"THYROID, PARATHYROID & THYROGLOSSAL PROCEDURES",v2025,"HCUP 2020, 2021, 2022"
MDRG_1006,1,-2.308749683411,-2.592672023297,-2.024827343526,-15.93768997053,0.000000000000,Gee,"OTHER ENDOCRINE, NUTRIT & METAB O.R. PROC",v2025,"HCUP 2020, 2021, 2022"
MDRG_1101,1,-2.523092514993,-2.813177515323,-2.233007514663,-17.04731528146,0.000000000000,Gee,KIDNEY TRANSPLANT,v2025,"HCUP 2020, 2021, 2022"
MDRG_1102,1,-1.330875650317,-1.463240677782,-1.198510622852,-19.70662789466,0.000000000000,Gee,MAJOR BLADDER PROCEDURES,v2025,"HCUP 2020, 2021, 2022"
MDRG_1103,1,-1.849594093935,-1.955767761843,-1.743420426026,-34.14347343866,0.000000000000,Gee,KIDNEY & URETER PROCEDURES FOR NEOPLASM,v2025,"HCUP 2020, 2021, 2022"
MDRG_1104,1,-2.255739945762,-2.400356463957,-2.111123427567,-30.57167402015,0.000000000000,Gee,KIDNEY & URETER PROCEDURES FOR NON-NEOPLASM,v2025,"HCUP 2020, 2021, 2022"
MDRG_1105,1,-2.483969605747,-3.027848032178,-1.940091179316,-8.951432396216,0.000000000000,Gee,MINOR BLADDER PROCEDURES,v2025,"HCUP 2020, 2021, 2022"
MDRG_1106,1,-2.383538525926,-2.984807267141,-1.782269784711,-7.769653311997,0.000000000000,Gee,PROSTATECTOMY,v2025,"HCUP 2020, 2021, 2022"
MDRG_1107,1,-2.178278546214,-2.471646898542,-1.884910193887,-14.55285638348,0.000000000000,Gee,TRANSURETHRAL PROCEDURES,v2025,"HCUP 2020, 2021, 2022"
MDRG_1109,1,-2.165546464460,-2.387496634183,-1.943596294737,-19.12318013763,0.000000000000,Gee,OTHER KIDNEY & URINARY TRACT PROCEDURES,v2025,"HCUP 2020, 2021, 2022"
MDRG_1201,1,-2.844579486670,-3.043849026766,-2.645309946574,-27.97855278003,0.000000000000,Gee,MAJOR MALE PELVIC PROCEDURES,v2025,"HCUP 2020, 2021, 2022"
MDRG_1202,1,-2.570267965894,-3.255694264948,-1.884841666840,-7.349634308930,0.000000000000,Gee,PENIS PROCEDURES,v2025,"HCUP 2020, 2021, 2022"
MDRG_1203,1,-1.211816172704,-1.820498596720,-0.603133748688,-3.902061174550,0.000095377044,Gee,TESTES PROCEDURES,v2025,"HCUP 2020, 2021, 2022"
MDRG_1204,1,-2.921402748140,-3.241044353519,-2.601761142761,-17.91332565706,0.000000000000,Gee,TRANSURETHRAL PROSTATECTOMY,v2025,"HCUP 2020, 2021, 2022"
MDRG_1205,1,-2.402158659592,-3.384380710265,-1.419936608920,-4.793360579440,0.000001640105,Gee,OTHER MALE REPRODUCTIVE SYSTEM O.R. PROC FOR MALIGNANCY,v2025,"HCUP 2020, 2021, 2022"
MDRG_1206,1,-2.547308823618,-3.014430885349,-2.080186761886,-10.68807055117,0.000000000000,Gee,OTHER MALE REPRODUCTIVE SYSTEM O.R. PROC EXC MALIGNANCY,v2025,"HCUP 2020, 2021, 2022"
MDRG_1301,1,-2.543271866038,-2.972547070038,-2.113996662039,-11.61194779919,0.000000000000,Gee,"PELVIC EVISCERATION, RAD HYSTERECTOMY & RAD VULVECTOMY",v2025,"HCUP 2020, 2021, 2022"
MDRG_1302,1,-2.196193556739,-2.398184421833,-1.994202691644,-21.31017297380,0.000000000000,Gee,UTERINE & ADNEXA PROC FOR OVARIAN OR ADNEXAL MALIGNANCY,v2025,"HCUP 2020, 2021, 2022"
MDRG_1303,1,-1.917339606173,-2.093263418403,-1.741415793942,-21.36104559456,0.000000000000,Gee,"UTERINE,ADNEXA PROC FOR NON-OVARIAN/ADNEXAL MALIG",v2025,"HCUP 2020, 2021, 2022"
MDRG_1304,1,-2.921569090471,-3.075572464881,-2.767565716060,-37.18210862309,0.000000000000,Gee,UTERINE & ADNEXA PROC FOR NON-MALIGNANCY,v2025,"HCUP 2020, 2021, 2022"
MDRG_1305,1,-1.843383447168,-2.357976668427,-1.328790225910,-7.021011970022,0.000000000002,Gee,"D&C, CONIZATION, LAPAROSCOPY & TUBAL INTERRUPTION",v2025,"HCUP 2020, 2021, 2022"
MDRG_1306,1,-2.841248545636,-3.244820773509,-2.437676317764,-13.79863240326,0.000000000000,Gee,"VAGINA, CERVIX & VULVA PROCEDURES",v2025,"HCUP 2020, 2021, 2022"
MDRG_1307,1,-2.359111510711,-2.816445482908,-1.901777538513,-10.11027799725,0.000000000000,Gee,FEMALE REPRODUCTIVE SYSTEM RECONSTRUCTIVE PROCEDURES,v2025,"HCUP 2020, 2021, 2022"
MDRG_1308,1,-1.897802129626,-2.275610342260,-1.519993916991,-9.845269900076,0.000000000000,Gee,OTHER FEMALE REPRODUCTIVE SYSTEM O.R. PROCEDURES,v2025,"HCUP 2020, 2021, 2022"
MDRG_1601,1,-1.622709983179,-2.056843054403,-1.188576911956,-7.325986742781,0.000000000000,Gee,SPLENIC PROCEDURES,v2025,"HCUP 2020, 2021, 2022"
MDRG_1602,1,-1.798467218778,-2.230575345474,-1.366359092082,-8.157520672274,0.000000000000,Gee,OTHER O.R. PROC OF THE BLOOD & BLOOD FORMING ORGANS,v2025,"HCUP 2020, 2021, 2022"
MDRG_1707,1,-1.516466303049,-1.761591847088,-1.271340759010,-12.12529420137,0.000000000000,Gee,LYMPHOMA & LEUKEMIA W MAJOR O.R. PROC OR ACUTE LEUKEMIA W ANY O.R. PROC,v2025,"HCUP 2020, 2021, 2022"
MDRG_1708,1,-1.851299553987,-2.151364021930,-1.551235086044,-12.09233627456,0.000000000000,Gee,LYMPHOMA & NON-ACUTE LEUKEMIA W OTHER O.R. PROC,v2025,"HCUP 2020, 2021, 2022"
MDRG_1709,1,-1.144230786435,-1.312156210225,-0.976305362645,-13.35504226104,0.000000000000,Gee,MYELOPROLIF DISORD OR POORLY DIFF NEOPL W MAJ O.R. PROC,v2025,"HCUP 2020, 2021, 2022"
MDRG_1710,1,-1.925209782152,-2.186486943982,-1.663932620322,-14.44191221796,0.000000000000,Gee,MYELOPROLIF DISORD OR POORLY DIFF NEOPL W OTHER O.R. PROC,v2025,"HCUP 2020, 2021, 2022"
MDRG_1801,1,-0.832166719908,-0.956562698118,-0.707770741699,-13.11149141334,0.000000000000,Gee,INFECTIOUS & PARASITIC DISEASES W O.R. PROCEDURE,v2025,"HCUP 2020, 2021, 2022"
MDRG_1802,1,-2.191449470863,-2.374657109612,-2.008241832113,-23.44423008858,0.000000000000,Gee,POSTOPERATIVE OR POST-TRAUMATIC INFECTIONS W O.R. PROC,v2025,"HCUP 2020, 2021, 2022"
MDRG_2101,1,-2.576621812939,-2.941804201793,-2.211439424086,-13.82894167211,0.000000000000,Gee,WOUND DEBRIDEMENTS FOR INJURIES,v2025,"HCUP 2020, 2021, 2022"
MDRG_2102,1,-2.223845806284,-2.716927676636,-1.730763935931,-8.839622686529,0.000000000000,Gee,SKIN GRAFTS FOR INJURIES,v2025,"HCUP 2020, 2021, 2022"
MDRG_2104,1,-1.637781377144,-1.770566776699,-1.504995977589,-24.17428817108,0.000000000000,Gee,OTHER O.R. PROCEDURES FOR INJURIES,v2025,"HCUP 2020, 2021, 2022"
MDRG_2301,1,-2.978391770294,-3.341454388276,-2.615329152311,-16.07860548703,0.000000000000,Gee,O.R. PROC W DIAGNOSES OF OTHER CONTACT W HEALTH SERVICES,v2025,"HCUP 2020, 2021, 2022"
MDRG_2407,1,-2.009444902597,-3.042823077557,-0.976066727637,-3.811227809375,0.000138278259,Gee,"LIMB REATTACHMENT, HIP & FEMUR PROC FOR MULTIPLE SIGNIFICANT TRAUMA",v2025,"HCUP 2020, 2021, 2022"
MDRG_2408,1,-0.927379938704,-1.727481331533,-0.127278545876,-2.271751175710,0.023101543308,Gee,OTHER O.R. PROCEDURES FOR MULTIPLE SIGNIFICANT TRAUMA,v2025,"HCUP 2020, 2021, 2022"
MDRG_2501,1,-0.306743669996,-0.991408335664,0.377920995671,-0.878103655448,0.379887469421,Gee,HIV W EXTENSIVE O.R. PROCEDURE,v2025,"HCUP 2020, 2021, 2022"
MDRG_7702,1,-0.853945586297,-1.143011702408,-0.564879470185,-5.790033838674,0.000000007037,Gee,LIVER TRANSPLANT,v2025,"HCUP 2020, 2021, 2022"
MDRG_7705,1,-0.204047624547,-0.889260366614,0.481165117520,-0.583652303424,0.559454263192,Gee,ALLOGENEIC  OR AUTOLOGOUS BONE MARROW TRANSPLANT,v2025,"HCUP 2020, 2021, 2022"
COVIDDX,1,0.675407574746,0.488838017710,0.861977131782,7.095340431849,0.000000000001,Gee,COVID-19 Diagnosis,v2025,"HCUP 2020, 2021, 2022"
Q1,1,0.312984299118,0.253587425776,0.372381172461,10.327781909649,0.000000000000,Gee,"Quarter 1, 2020",v2025,"HCUP 2020, 2021, 2022"
Q2,1,0.255015598685,0.193888868946,0.316142328424,8.176805647083,0.000000000000,Gee,"Quarter 2, 2020",v2025,"HCUP 2020, 2021, 2022"
Q3,1,0.247298834082,0.189390687389,0.305206980775,8.370097057091,0.000000000000,Gee,"Quarter 3, 2020",v2025,"HCUP 2020, 2021, 2022"
Q4,1,0.268814007272,0.207954873180,0.329673141365,8.657135541756,0.000000000000,Gee,"Quarter 4, 2020",v2025,"HCUP 2020, 2021, 2022"
Q5,1,0.218409900987,0.156034965288,0.280784836686,6.862941580661,0.000000000007,Gee,"Quarter 1, 2021",v2025,"HCUP 2020, 2021, 2022"
Q6,1,0.208974938265,0.150270606082,0.267679270448,6.977054970939,0.000000000003,Gee,"Quarter 2, 2021",v2025,"HCUP 2020, 2021, 2022"
Q7,1,0.182914685218,0.122139829504,0.243689540931,5.898923017780,0.000000003659,Gee,"Quarter 3, 2021",v2025,"HCUP 2020, 2021, 2022"
Q8,1,0.100445342885,0.039306592195,0.161584093574,3.220040518459,0.001281724794,Gee,"Quarter 4, 2021",v2025,"HCUP 2020, 2021, 2022"
Q9,1,0.051533782734,-0.008839781775,0.111907347243,1.672989808831,0.094329302302,Gee,"Quarter 1, 2022",v2025,"HCUP 2020, 2021, 2022"
Q10,1,0.034472697360,-0.016158302432,0.085103697151,1.334463975688,0.182051845466,Gee,"Quarter 2, 2022",v2025,"HCUP 2020, 2021, 2022"
Q11,1,-0.011221527034,-0.062108893116,0.039665839049,-0.432205290443,0.665592214601,Gee,"Quarter 3, 2022",v2025,"HCUP 2020, 2021, 2022"
COVIDDX_Q2,1,-0.013018073398,-0.845761698276,0.819725551480,-0.030639628147,0.975556938283,Gee,"COVID, Quarter 2, 2020",v2025,"HCUP 2020, 2021, 2022"
COVIDDX_Q3,1,-0.026541930901,-0.691820675375,0.638736813574,-0.078194635072,0.937673229545,Gee,"COVID, Quarter 3, 2020",v2025,"HCUP 2020, 2021, 2022"
COVIDDX_Q4,1,0.272226457355,-0.133635676451,0.678088591161,1.314618949669,0.188637998241,Gee,"COVID, Quarter 4, 2020",v2025,"HCUP 2020, 2021, 2022"
COVIDDX_Q8,1,0.255523288096,-0.299782992907,0.810829569098,0.901874261127,0.367123665570,Gee,"COVID, Quarter 4, 2021",v2025,"HCUP 2020, 2021, 2022"
COVIDDX_Q10,1,-0.449474705377,-1.046054890669,0.147105479914,-1.476673641232,0.139763141097,Gee,"COVID, Quarter 2, 2022",v2025,"HCUP 2020, 2021, 2022"
COVIDDX_Q11,1,-0.448591614247,-0.878750580458,-0.018432648035,-2.043949973737,0.040958489494,Gee,"COVID, Quarter 3, 2022",v2025,"HCUP 2020, 2021, 2022"
TRNSFER,1,0.158196482315,0.058231894668,0.258161069962,3.101692460463,0.001924177465,Gee,TRANSFER FROM ANOTHER ACUTE CARE HOSPITAL,v2025,"HCUP 2020, 2021, 2022"
PS11_NonWt_1,1,0.066740786697,0.027671356505,0.105810216889,3.348130177066,0.000813587858,Gee,"PS11 Comorbidty count using non-weighted method, category 1, count > 3 and count <= 5",v2025,"HCUP 2020, 2021, 2022"
PS11_NonWt_2,1,-0.322759035308,-0.390463457491,-0.255054613125,-9.343497285604,0.000000000000,Gee,"PS11 Comorbidty count using non-weighted method, category 2, count >= 6",v2025,"HCUP 2020, 2021, 2022"
