Variable,DF,Estimate,LowerCL,UpperCL,ChiSq,ProbChiSq,Model,zlabel,SoftVer,SrcData
Intercept,1,-7.288986513340,-7.394424984631,-7.183548042050,18358.966728084,0.000000000000,Logistic,Intercept,v2023,"HCUP 2019, 2020, 2021"
Age_LT30,1,-1.454378857172,-1.629912857423,-1.278844856921,263.72102034818,0.000000000000,Logistic,Age < 30,v2023,"HCUP 2019, 2020, 2021"
Age_30_34,1,-1.157801561691,-1.360620338531,-0.954982784851,125.18839925438,0.000000000000,Logistic,30 <= Age <= 34,v2023,"HCUP 2019, 2020, 2021"
Age_35_39,1,-1.176931014903,-1.371548313920,-0.982313715886,140.49189686326,0.000000000000,Logistic,35 <= Age <= 39,v2023,"HCUP 2019, 2020, 2021"
Age_40_44,1,-1.084665686227,-1.262875153801,-0.906456218652,142.31228766486,0.000000000000,Logistic,40 <= Age <= 44,v2023,"HCUP 2019, 2020, 2021"
Age_45_49,1,-0.702366883106,-0.808376494238,-0.596357271975,168.63577478500,0.000000000000,Logistic,45 <= Age <= 49,v2023,"HCUP 2019, 2020, 2021"
Age_50_54,1,-0.391234490688,-0.475982907124,-0.306486074252,81.869705471480,0.000000000000,Logistic,50 <= Age <= 54,v2023,"HCUP 2019, 2020, 2021"
Age_55_59,1,-0.190558056421,-0.282457352120,-0.098658760723,16.517427372361,0.000048204966,Logistic,55 <= Age <= 59,v2023,"HCUP 2019, 2020, 2021"
Age_60_64,1,-0.097224713905,-0.181585016209,-0.012864411601,5.102573106287,0.023890378667,Logistic,60 <= Age <= 64,v2023,"HCUP 2019, 2020, 2021"
Age_70_74,1,0.171579775917,0.095477010522,0.247682541312,19.527356667391,0.000009916925,Logistic,70 <= Age <= 74,v2023,"HCUP 2019, 2020, 2021"
Age_75_79,1,0.328552158490,0.252410959974,0.404693357007,71.528871761628,0.000000000000,Logistic,75 <= Age <= 79,v2023,"HCUP 2019, 2020, 2021"
Age_80_84,1,0.469542411520,0.390573730120,0.548511092919,135.81633982631,0.000000000000,Logistic,80 <= Age <= 84,v2023,"HCUP 2019, 2020, 2021"
Age_85_89,1,0.499752926023,0.427007178916,0.572498673130,181.30409647134,0.000000000000,Logistic,85 <= Age <= 89,v2023,"HCUP 2019, 2020, 2021"
Age_90Plus,1,0.533309340688,0.438856799801,0.627761881576,122.47381109319,0.000000000000,Logistic,Age >= 90,v2023,"HCUP 2019, 2020, 2021"
MALE,1,-0.340304926163,-0.400523359359,-0.280086492966,122.68450396826,0.000000000000,Logistic,Patient Sex Flag: 1=Male / 0=Female,v2023,"HCUP 2019, 2020, 2021"
Age_LT30_MALE,1,0.951247938029,0.746339459886,1.156156416172,82.790354810652,0.000000000000,Logistic,Age < 30 MALE,v2023,"HCUP 2019, 2020, 2021"
Age_30_34_MALE,1,0.555657958045,0.301578765509,0.809737150581,18.373378375126,0.000018157727,Logistic,30 <= Age <= 34 MALE,v2023,"HCUP 2019, 2020, 2021"
Age_35_39_MALE,1,0.662804727973,0.421614890165,0.903994565780,29.011175560076,0.000000071962,Logistic,35 <= Age <= 39 MALE,v2023,"HCUP 2019, 2020, 2021"
Age_40_44_MALE,1,0.537743067010,0.309486182089,0.765999951932,21.321316171068,0.000003883887,Logistic,40 <= Age <= 44 MALE,v2023,"HCUP 2019, 2020, 2021"
Age_55_59_MALE,1,-0.128022059414,-0.256009739064,-0.000034379763,3.843664121145,0.049934284800,Logistic,55 <= Age <= 59 MALE,v2023,"HCUP 2019, 2020, 2021"
Age_60_64_MALE,1,-0.130621878624,-0.247642390758,-0.013601366489,4.786521399991,0.028683298543,Logistic,60 <= Age <= 64 MALE,v2023,"HCUP 2019, 2020, 2021"
Age_70_74_MALE,1,-0.130643573641,-0.237370334613,-0.023916812669,5.756275710900,0.016429861395,Logistic,70 <= Age <= 74 MALE,v2023,"HCUP 2019, 2020, 2021"
Age_75_79_MALE,1,-0.093332499392,-0.199676393435,0.013011394652,2.959053497390,0.085397917500,Logistic,75 <= Age <= 79 MALE,v2023,"HCUP 2019, 2020, 2021"
Age_80_84_MALE,1,-0.096762293446,-0.208204033786,0.014679446894,2.896200860067,0.088788590108,Logistic,80 <= Age <= 84 MALE,v2023,"HCUP 2019, 2020, 2021"
Age_90Plus_MALE,1,0.113769216643,-0.028583851982,0.256122285268,2.453736998248,0.117245441308,Logistic,Age >= 90 MALE,v2023,"HCUP 2019, 2020, 2021"
CMR_ALCOHOL,1,0.321348066086,0.254682042658,0.388014089513,89.259494450314,0.000000000000,Logistic,Alcohol abuse,v2023,"HCUP 2019, 2020, 2021"
CMR_ANEMDEF,1,0.068656312000,0.028416278330,0.108896345671,11.182950779921,0.000825523799,Logistic,Anemias due to other nutritional deficiencies,v2023,"HCUP 2019, 2020, 2021"
CMR_AUTOIMMUNE,1,0.173826802835,0.101199998080,0.246453607591,22.006539321111,0.000002717231,Logistic,Autoimmune conditions,v2023,"HCUP 2019, 2020, 2021"
CMR_CANCER_LEUK,1,0.363784012036,0.209933560065,0.517634464006,21.478394082665,0.000003578378,Logistic,Leukemia,v2023,"HCUP 2019, 2020, 2021"
CMR_CANCER_LYMPH,1,0.195318163442,0.059317812740,0.331318514144,7.923505252504,0.004879664169,Logistic,Lymphoma,v2023,"HCUP 2019, 2020, 2021"
CMR_CBVD,1,0.014387569337,-0.059049770071,0.087824908745,0.147452837214,0.700981499829,Logistic,Cerebrovascular disease,v2023,"HCUP 2019, 2020, 2021"
CMR_COAG,1,0.078194754343,0.018191324977,0.138198183710,6.524019303958,0.010642721564,Logistic,Coagulopathy,v2023,"HCUP 2019, 2020, 2021"
CMR_DEMENTIA,1,0.543480261114,0.493823074969,0.593137447259,460.16701052764,0.000000000000,Logistic,Dementia,v2023,"HCUP 2019, 2020, 2021"
CMR_DEPRESS,1,0.290054063194,0.248864972451,0.331243153937,190.50467602001,0.000000000000,Logistic,Depression,v2023,"HCUP 2019, 2020, 2021"
CMR_DIAB_CX,1,0.069979831487,0.027032350838,0.112927312136,10.199585951121,0.001404721899,Logistic,Diabetes with chronic complications,v2023,"HCUP 2019, 2020, 2021"
CMR_DIAB_UNCX,1,-0.151735864498,-0.209341464095,-0.094130264901,26.653805646671,0.000000243371,Logistic,Diabetes without chronic complications,v2023,"HCUP 2019, 2020, 2021"
CMR_DRUG_ABUSE,1,0.112226978917,0.037635274383,0.186818683452,8.696121998162,0.003188877652,Logistic,Drug abuse,v2023,"HCUP 2019, 2020, 2021"
CMR_HF,1,0.075690706293,0.030061284541,0.121320128045,10.570787148517,0.001148887948,Logistic,Heart failure,v2023,"HCUP 2019, 2020, 2021"
CMR_HTN_UNCX,1,-0.153049839734,-0.192892589672,-0.113207089796,56.686453861033,0.000000000000,Logistic,"Hypertension, uncomplicated",v2023,"HCUP 2019, 2020, 2021"
CMR_LIVER_MLD,1,0.120727340942,0.050519384708,0.190935297176,11.359278608086,0.000750719776,Logistic,"Liver disease, mild",v2023,"HCUP 2019, 2020, 2021"
CMR_LIVER_SEV,1,0.374984156044,0.260825099337,0.489143212750,41.449303376347,0.000000000121,Logistic,"Liver disease, moderate to severe",v2023,"HCUP 2019, 2020, 2021"
CMR_LUNG_CHRONIC,1,0.208928227690,0.172308268103,0.245548187277,125.04624698653,0.000000000000,Logistic,Chronic pulmonary disease,v2023,"HCUP 2019, 2020, 2021"
CMR_NEURO_MOVT,1,0.004692519485,-0.076637032631,0.086022071601,0.012788733895,0.909961355892,Logistic,Neurological disorders affecting movement,v2023,"HCUP 2019, 2020, 2021"
CMR_NEURO_OTH,1,0.122974840163,0.070825632986,0.175124047339,21.362361288219,0.000003801617,Logistic,Other neurological disorders,v2023,"HCUP 2019, 2020, 2021"
CMR_NEURO_SEIZ,1,0.202942969175,0.133743500584,0.272142437765,33.041111167051,0.000000009023,Logistic,Seizures and epilepsy,v2023,"HCUP 2019, 2020, 2021"
CMR_OBESE,1,-0.173576881323,-0.218508439477,-0.128645323169,57.331452642302,0.000000000000,Logistic,Obesity,v2023,"HCUP 2019, 2020, 2021"
CMR_PARALYSIS,1,-0.133028216430,-0.214354867366,-0.051701565493,10.278598518754,0.001345821336,Logistic,Paralysis,v2023,"HCUP 2019, 2020, 2021"
CMR_PSYCHOSES,1,0.249815008044,0.184051823826,0.315578192263,55.434933075927,0.000000000000,Logistic,Psychoses,v2023,"HCUP 2019, 2020, 2021"
CMR_PULMCIRC,1,0.133275739166,0.062842794516,0.203708683815,13.755065128552,0.000208258498,Logistic,Pulmonary circulation disease,v2023,"HCUP 2019, 2020, 2021"
CMR_RENLFL_MOD,1,-0.137674262496,-0.189825360456,-0.085523164535,26.772612218061,0.000000228858,Logistic,"Renal failure, moderate",v2023,"HCUP 2019, 2020, 2021"
CMR_RENLFL_SEV,1,0.032631761580,-0.032460410496,0.097723933657,0.965463041538,0.325814295687,Logistic,"Renal failure, severe",v2023,"HCUP 2019, 2020, 2021"
CMR_THYROID_HYPO,1,0.041486769935,-0.000190980689,0.083164520559,3.806473802154,0.051054826375,Logistic,Hypothyroidism,v2023,"HCUP 2019, 2020, 2021"
CMR_THYROID_OTH,1,0.060412061574,-0.064019975366,0.184844098513,0.905513718768,0.341307570012,Logistic,Other thyroid disorders,v2023,"HCUP 2019, 2020, 2021"
CMR_WGHTLOSS,1,0.408935064454,0.361882027665,0.455988101243,290.16533595389,0.000000000000,Logistic,Weight loss,v2023,"HCUP 2019, 2020, 2021"
PS08_NonWt_1,1,0.138173912632,0.103920980095,0.172426845169,62.512768867108,0.000000000000,Logistic,"PS08 Comorbidty count using non-weighted method, category 1, count > 3 and count <= 6",v2023,"HCUP 2019, 2020, 2021"
MDC_1,1,1.805035806913,1.698396147678,1.911675466148,1100.6425252091,0.000000000000,Logistic,Diseases and disorders of the nervous system,v2023,"HCUP 2019, 2020, 2021"
MDC_2,1,-0.236160100960,-0.858577012052,0.386256810132,0.553047491044,0.457075157662,Logistic,Diseases and disorders of the eye,v2023,"HCUP 2019, 2020, 2021"
MDC_3,1,0.113788108696,-0.107103736631,0.334679954024,1.019404470974,0.312660311957,Logistic,"Diseases and disorders of the ear, nose, mouth and throat",v2023,"HCUP 2019, 2020, 2021"
MDC_4,1,1.613958796951,1.512769909747,1.715147684156,977.30785547813,0.000000000000,Logistic,Diseases and disorders of the respiratory system,v2023,"HCUP 2019, 2020, 2021"
MDC_5,1,1.347669601264,1.247071493393,1.448267709134,689.44461343543,0.000000000000,Logistic,Diseases and disorders of the circulatory system,v2023,"HCUP 2019, 2020, 2021"
MDC_6,1,0.598750672989,0.491176257949,0.706325088030,119.01074817979,0.000000000000,Logistic,Diseases and disorders of the digestive system,v2023,"HCUP 2019, 2020, 2021"
MDC_7,1,1.412761350668,1.246381107746,1.579141593590,276.97861873938,0.000000000000,Logistic,Diseases and disorders of the hepatobiliary system and pancreas,v2023,"HCUP 2019, 2020, 2021"
MDC_10,1,0.880773088810,0.758459454795,1.003086722824,199.20052426398,0.000000000000,Logistic,"Endocrine, nutritional and metabolic diseases and disorders",v2023,"HCUP 2019, 2020, 2021"
MDC_11,1,1.783113227276,1.642422390069,1.923804064483,617.07557706504,0.000000000000,Logistic,Diseases and disorders of the kidney and urinary tract,v2023,"HCUP 2019, 2020, 2021"
MDC_12,1,-1.140820966922,-1.562564824610,-0.719077109234,28.109272070790,0.000000114655,Logistic,Diseases and disorders of the male reproductive system,v2023,"HCUP 2019, 2020, 2021"
MDC_13,1,-2.405468930779,-2.836953581732,-1.973984279827,119.39357153184,0.000000000000,Logistic,Diseases and disorders of the female reproductive system,v2023,"HCUP 2019, 2020, 2021"
MDC_16,1,0.717329132406,0.529264664003,0.905393600809,55.890189109776,0.000000000000,Logistic,"Diseases and disorders of blood, blood forming organs and immunologic disorders",v2023,"HCUP 2019, 2020, 2021"
MDC_17,1,1.018784920101,0.642775025307,1.394794814895,28.201915784234,0.000000109296,Logistic,"Myeloproliferative diseases and disorders, poorly differentiated neoplasms",v2023,"HCUP 2019, 2020, 2021"
MDC_18,1,0.542782835774,0.429194477972,0.656371193576,87.719614101464,0.000000000000,Logistic,"Infectious and parasitic diseases, systemic or unspecified sites",v2023,"HCUP 2019, 2020, 2021"
MDC_20,1,1.612234229398,1.452674544349,1.771793914447,392.21308346606,0.000000000000,Logistic,Alcohol or drug use or induced organic mental disorders,v2023,"HCUP 2019, 2020, 2021"
MDC_24,1,4.019463872733,3.663929696929,4.374998048537,491.00475091881,0.000000000000,Logistic,Multiple significant trauma,v2023,"HCUP 2019, 2020, 2021"
MDRG_101,1,-3.298569983784,-4.180128925348,-2.417011042220,53.784958576032,0.000000000000,Logistic,INTRACRANIAL VASCULAR PROCEDURES W PDX HEMORRHAGE,v2023,"HCUP 2019, 2020, 2021"
MDRG_102,1,-2.794122126148,-3.118031436387,-2.470212815908,285.86175065008,0.000000000000,Logistic,CRANIO W MAJOR DEV IMPL/ACUTE COMPLEX CNS PDX,v2023,"HCUP 2019, 2020, 2021"
MDRG_103,1,-2.740764569076,-2.960019453498,-2.521509684655,600.28439181765,0.000000000000,Logistic,CRANIOTOMY & ENDOVASCULAR INTRACRANIAL PROCEDURES,v2023,"HCUP 2019, 2020, 2021"
MDRG_104,1,-1.857153675302,-2.210436108250,-1.503871242354,106.16069225007,0.000000000000,Logistic,SPINAL PROCEDURES,v2023,"HCUP 2019, 2020, 2021"
MDRG_105,1,-3.142593930715,-3.889043510490,-2.396144350940,68.090687905854,0.000000000000,Logistic,VENTRICULAR SHUNT PROCEDURES,v2023,"HCUP 2019, 2020, 2021"
MDRG_106,1,-3.561359708214,-4.307936400396,-2.814783016033,87.416813176353,0.000000000000,Logistic,CAROTID ARTERY STENT PROCEDURE,v2023,"HCUP 2019, 2020, 2021"
MDRG_107,1,-3.418426354912,-3.813858417614,-3.022994292210,287.09183325221,0.000000000000,Logistic,EXTRACRANIAL PROCEDURES,v2023,"HCUP 2019, 2020, 2021"
MDRG_108,1,-2.245015670763,-2.541655264622,-1.948376076904,220.03545245734,0.000000000000,Logistic,PERIPH/CRANIAL NERVE & OTHER NERV SYST PROC,v2023,"HCUP 2019, 2020, 2021"
MDRG_109,1,1.144108790359,0.544428513700,1.743789067018,13.983222139769,0.000184449239,Logistic,SPINAL DISORDERS & INJURIES,v2023,"HCUP 2019, 2020, 2021"
MDRG_110,1,-0.508694528710,-0.906203249922,-0.111185807499,6.291192196456,0.012133940705,Logistic,NERVOUS SYSTEM NEOPLASMS,v2023,"HCUP 2019, 2020, 2021"
MDRG_111,1,0.544944373031,0.400939129546,0.688949616516,55.012309304206,0.000000000000,Logistic,DEGENERATIVE NERVOUS SYSTEM DISORDERS,v2023,"HCUP 2019, 2020, 2021"
MDRG_112,1,-1.069564213924,-2.054816863583,-0.084311564266,4.527210070422,0.033359961156,Logistic,MULTIPLE SCLEROSIS & CEREBELLAR ATAXIA,v2023,"HCUP 2019, 2020, 2021"
MDRG_113,1,-1.136256259755,-1.711679120437,-0.560833399072,14.979264752025,0.000108699046,Logistic,ACUTE ISCHEMIC STROKE W USE OF THROMBOLYTIC AGENT,v2023,"HCUP 2019, 2020, 2021"
MDRG_114,1,-0.645735931365,-0.806638620470,-0.484833242260,61.872183672418,0.000000000000,Logistic,INTRACRANIAL HEMORRHAGE OR CEREBRAL INFARCTION,v2023,"HCUP 2019, 2020, 2021"
MDRG_115,1,-0.591125008447,-1.397585682390,0.215335665495,2.063974941937,0.150816309262,Logistic,NONSPECIFIC CVA & PRECEREBRAL OCCLUSION W/O INFARCT,v2023,"HCUP 2019, 2020, 2021"
MDRG_116,1,-1.149251651528,-1.578782980755,-0.719720322302,27.501268350832,0.000000156992,Logistic,TRANSIENT ISCHEMIA,v2023,"HCUP 2019, 2020, 2021"
MDRG_117,1,-0.379853198334,-0.624644361000,-0.135062035668,9.250223956698,0.002354666270,Logistic,NONSPECIFIC CEREBROVASCULAR DISORDERS,v2023,"HCUP 2019, 2020, 2021"
MDRG_118,1,-0.426324241458,-0.792434561969,-0.060213920946,5.209166697485,0.022468100967,Logistic,CRANIAL & PERIPHERAL NERVE DISORDERS,v2023,"HCUP 2019, 2020, 2021"
MDRG_120,1,-0.553693615530,-1.301404905670,0.194017674609,2.106605906999,0.146664296564,Logistic,HYPERTENSIVE ENCEPHALOPATHY,v2023,"HCUP 2019, 2020, 2021"
MDRG_122,1,0.853847986784,0.638884670498,1.068811303069,60.610037595214,0.000000000000,Logistic,"TRAUMATIC STUPOR & COMA, COMA >1 HR",v2023,"HCUP 2019, 2020, 2021"
MDRG_123,1,0.291421872766,0.046643084358,0.536200661175,5.445137746479,0.019622867560,Logistic,"TRAUMATIC STUPOR & COMA, COMA <1 HR",v2023,"HCUP 2019, 2020, 2021"
MDRG_125,1,-0.286472597557,-0.512615781632,-0.060329413481,6.164690949798,0.013032514017,Logistic,OTHER DISORDERS OF NERVOUS SYSTEM,v2023,"HCUP 2019, 2020, 2021"
MDRG_129,1,-1.374542090107,-2.181059577753,-0.568024602461,11.158367262219,0.000836535139,Logistic,HEADACHES,v2023,"HCUP 2019, 2020, 2021"
MDRG_206,1,1.665798894490,0.651336881117,2.680260907862,10.358233642242,0.001288984789,Logistic,OTHER DISORDERS OF THE EYE,v2023,"HCUP 2019, 2020, 2021"
MDRG_302,1,-1.976549382605,-3.128407381504,-0.824691383706,11.311744739715,0.000770183675,Logistic,"OTHER EAR, NOSE, MOUTH AND THROAT O.R. PROCEDURES",v2023,"HCUP 2019, 2020, 2021"
MDRG_304,1,-1.287501210467,-2.439494854639,-0.135507566295,4.798519552794,0.028484203304,Logistic,MOUTH PROCEDURES,v2023,"HCUP 2019, 2020, 2021"
MDRG_401,1,-3.024141571813,-3.328672175784,-2.719610967843,378.83883438144,0.000000000000,Logistic,MAJOR CHEST PROCEDURES,v2023,"HCUP 2019, 2020, 2021"
MDRG_402,1,-2.447329056048,-2.729347716662,-2.165310395434,289.29517091048,0.000000000000,Logistic,OTHER RESP SYSTEM O.R. PROCEDURES,v2023,"HCUP 2019, 2020, 2021"
MDRG_403,1,-1.220310967461,-1.579136415505,-0.861485519416,44.431062625353,0.000000000026,Logistic,PULMONARY EMBOLISM,v2023,"HCUP 2019, 2020, 2021"
MDRG_404,1,-0.670759526353,-0.833714457784,-0.507804594921,65.089483565446,0.000000000000,Logistic,RESPIRATORY INFECTIONS & INFLAMMATIONS,v2023,"HCUP 2019, 2020, 2021"
MDRG_405,1,-0.654244918378,-1.023558323033,-0.284931513723,12.055985489335,0.000516263489,Logistic,RESPIRATORY NEOPLASMS,v2023,"HCUP 2019, 2020, 2021"
MDRG_406,1,0.963347200895,0.697212325099,1.229482076691,50.335483091567,0.000000000001,Logistic,MAJOR CHEST TRAUMA,v2023,"HCUP 2019, 2020, 2021"
MDRG_407,1,-0.849021930654,-1.403954510587,-0.294089350720,8.992273631303,0.002711234628,Logistic,PLEURAL EFFUSION,v2023,"HCUP 2019, 2020, 2021"
MDRG_408,1,-0.659968037108,-0.864812322992,-0.455123751224,39.875876339118,0.000000000271,Logistic,PULMONARY EDEMA & RESPIRATORY FAILURE,v2023,"HCUP 2019, 2020, 2021"
MDRG_409,1,-0.524288223476,-0.711007450867,-0.337568996085,30.288255824208,0.000000037237,Logistic,CHRONIC OBSTRUCTIVE PULMONARY DISEASE,v2023,"HCUP 2019, 2020, 2021"
MDRG_410,1,-0.755653137525,-0.929995809719,-0.581310465332,72.168840215340,0.000000000000,Logistic,SIMPLE PNEUMONIA & PLEURISY,v2023,"HCUP 2019, 2020, 2021"
MDRG_411,1,-0.942643541077,-1.605499501298,-0.279787580856,7.769065868899,0.005314852725,Logistic,INTERSTITIAL LUNG DISEASE,v2023,"HCUP 2019, 2020, 2021"
MDRG_412,1,0.559621077506,0.281013692566,0.838228462446,15.499404822320,0.000082531236,Logistic,PNEUMOTHORAX,v2023,"HCUP 2019, 2020, 2021"
MDRG_413,1,-1.222600974041,-1.674938726637,-0.770263221445,28.064411892394,0.000000117344,Logistic,BRONCHITIS & ASTHMA,v2023,"HCUP 2019, 2020, 2021"
MDRG_414,1,-1.288457606033,-2.274777715464,-0.302137496601,6.555663214406,0.010455086346,Logistic,RESPIRATORY SIGNS & SYMPTOMS,v2023,"HCUP 2019, 2020, 2021"
MDRG_415,1,-0.177925704405,-0.564584748397,0.208733339587,0.813454347918,0.367100938506,Logistic,OTHER RESPIRATORY SYSTEM DIAGNOSES,v2023,"HCUP 2019, 2020, 2021"
MDRG_416,1,-0.244273614681,-0.446071712447,-0.042475516915,5.628998391555,0.017665722666,Logistic,RESPIRATORY SYSTEM DIAGNOSIS W VENTILATOR SUPPORT,v2023,"HCUP 2019, 2020, 2021"
MDRG_501,1,-2.762308799618,-3.421171612498,-2.103445986737,67.525312760707,0.000000000000,Logistic,OTHER HEART ASSIST SYSTEM IMPLANT,v2023,"HCUP 2019, 2020, 2021"
MDRG_502,1,-2.691282550367,-3.571970283752,-1.810594816982,35.874581142975,0.000000002104,Logistic,PERC CARDIOVASC PROC W NON-DRUG-ELUTING STENT,v2023,"HCUP 2019, 2020, 2021"
MDRG_503,1,-2.555184911024,-2.832635975740,-2.277733846307,325.82471164617,0.000000000000,Logistic,CARDIAC VALVE & OTH MAJ CARDIOTHORACIC PROC,v2023,"HCUP 2019, 2020, 2021"
MDRG_505,1,-2.405315281609,-2.841223210951,-1.969407352267,116.96788187189,0.000000000000,Logistic,OTHER CARDIOTHORACIC PROCEDURES,v2023,"HCUP 2019, 2020, 2021"
MDRG_507,1,-2.872470934566,-3.289930625813,-2.455011243320,181.88393163485,0.000000000000,Logistic,CORONARY BYPASS WITH CARDIAC CATHETERIZATION OR OPEN ABLATION,v2023,"HCUP 2019, 2020, 2021"
MDRG_508,1,-2.665894537034,-3.017730160747,-2.314058913321,220.55578421156,0.000000000000,Logistic,CORONARY BYPASS W/O CARDIAC CATH,v2023,"HCUP 2019, 2020, 2021"
MDRG_509,1,-2.642896630153,-3.044235186200,-2.241558074106,166.59069094948,0.000000000000,Logistic,AMPUTATION FOR CIRC SYS DISORDERS EXC UPPER LIMB & TOE,v2023,"HCUP 2019, 2020, 2021"
MDRG_510,1,-2.876997426758,-3.147984877105,-2.606009976412,433.00482126662,0.000000000000,Logistic,PERMANENT CARDIAC PACEMAKER IMPLANT AND PROCEDURES,v2023,"HCUP 2019, 2020, 2021"
MDRG_511,1,-3.302737363493,-3.525897707879,-3.079577019107,841.44585613423,0.000000000000,Logistic,PERC CARDIOVASC PROC W DRUG-ELUTING STENT,v2023,"HCUP 2019, 2020, 2021"
MDRG_512,1,-2.337102609606,-3.320945951761,-1.353259267451,21.677829759818,0.000003224970,Logistic,AICD PROCEDURES,v2023,"HCUP 2019, 2020, 2021"
MDRG_513,1,-3.482320583416,-4.362920520458,-2.601720646373,60.074801206384,0.000000000000,Logistic,PERC CARDIOVASC PROC W/O CORONARY ARTERY STENT,v2023,"HCUP 2019, 2020, 2021"
MDRG_514,1,-2.747492545148,-2.986462341490,-2.508522748805,507.80755891278,0.000000000000,Logistic,OTHER VASCULAR PROCEDURES,v2023,"HCUP 2019, 2020, 2021"
MDRG_515,1,-1.842504967714,-2.415076306310,-1.269933629118,39.780502838593,0.000000000284,Logistic,UPPER LIMB & TOE AMPUTATION FOR CIRC SYSTEM DISORDERS,v2023,"HCUP 2019, 2020, 2021"
MDRG_517,1,-2.614213874818,-3.239773418770,-1.988654330865,67.089887655104,0.000000000000,Logistic,CARDIAC PACEMAKER REVISION EXCEPT DEVICE REPLACEMENT,v2023,"HCUP 2019, 2020, 2021"
MDRG_519,1,-2.225875394064,-2.652366117945,-1.799384670182,104.63926016672,0.000000000000,Logistic,OTHER CIRCULATORY SYSTEM O.R. PROCEDURES,v2023,"HCUP 2019, 2020, 2021"
MDRG_520,1,-0.610903965422,-0.803480673985,-0.418327256859,38.658990732541,0.000000000505,Logistic,ACUTE MYOCARDIAL INFARCTION,v2023,"HCUP 2019, 2020, 2021"
MDRG_524,1,-0.512722142457,-0.645420004711,-0.380024280203,57.351982699301,0.000000000000,Logistic,HEART FAILURE & SHOCK,v2023,"HCUP 2019, 2020, 2021"
MDRG_527,1,-0.619746704640,-0.950513824215,-0.288979585065,13.486396770091,0.000240299195,Logistic,PERIPHERAL VASCULAR DISORDERS,v2023,"HCUP 2019, 2020, 2021"
MDRG_529,1,-0.655886528154,-1.009145433415,-0.302627622893,13.242906918367,0.000273613261,Logistic,HYPERTENSION,v2023,"HCUP 2019, 2020, 2021"
MDRG_530,1,0.020990969817,-0.577108013066,0.619089952699,0.004731850591,0.945158013390,Logistic,CARDIAC CONGENITAL & VALVULAR DISORDERS,v2023,"HCUP 2019, 2020, 2021"
MDRG_531,1,-0.828089535097,-1.035830858996,-0.620348211198,61.040902400816,0.000000000000,Logistic,CARDIAC ARRHYTHMIA & CONDUCTION DISORDERS,v2023,"HCUP 2019, 2020, 2021"
MDRG_534,1,-0.993375932693,-1.452218510884,-0.534533354502,18.005781993440,0.000022023503,Logistic,CHEST PAIN,v2023,"HCUP 2019, 2020, 2021"
MDRG_535,1,-0.686907399981,-0.999479740966,-0.374335058996,18.552713668373,0.000016526978,Logistic,OTHER CIRCULATORY SYSTEM DIAGNOSES,v2023,"HCUP 2019, 2020, 2021"
MDRG_537,1,-1.454438517922,-2.051764698004,-0.857112337840,22.776121877503,0.000001820132,Logistic,CARDIAC DEFIBRILLATOR IMPLANT W AMI/HF/SHOCK,v2023,"HCUP 2019, 2020, 2021"
MDRG_538,1,-2.100350978367,-2.759276361602,-1.441425595132,39.032234462550,0.000000000417,Logistic,CARDIAC DEFIBRILLATOR IMPLANT W/OUT AMI/HF/SHOCK,v2023,"HCUP 2019, 2020, 2021"
MDRG_539,1,-2.480271606789,-2.993474327666,-1.967068885912,89.728978896625,0.000000000000,Logistic,CARDIAC DEFIBRILLATOR IMPLANT W/OUT CARDIAC CATH,v2023,"HCUP 2019, 2020, 2021"
MDRG_540,1,-3.190201712251,-3.515490199771,-2.864913224730,369.49710830511,0.000000000000,Logistic,ENDOVASCULAR CARDIAC VALVE REPLACEMENT,v2023,"HCUP 2019, 2020, 2021"
MDRG_541,1,-3.305030888487,-3.930899202140,-2.679162574833,107.12658452266,0.000000000000,Logistic,AORTIC AND HEART ASSIST PROCEDURES EXCEPT PULSATION BALLOON,v2023,"HCUP 2019, 2020, 2021"
MDRG_542,1,-2.836838879958,-3.137766047633,-2.535911712283,341.39620450297,0.000000000000,Logistic,OTHER MAJOR CARDIOVASCULAR PROCEDURES,v2023,"HCUP 2019, 2020, 2021"
MDRG_543,1,-4.005526337987,-4.602498858434,-3.408553817540,172.95082798599,0.000000000000,Logistic,PERCUTANEOUS AND OTHER INTRACARDIAC PROCEDURES,v2023,"HCUP 2019, 2020, 2021"
MDRG_601,1,-2.190856803382,-2.544937594795,-1.836776011968,147.07382698139,0.000000000000,Logistic,"STOMACH, ESOPHAGEAL & DUODENAL PROC",v2023,"HCUP 2019, 2020, 2021"
MDRG_602,1,-2.162413176850,-2.356871701856,-1.967954651845,475.04584780447,0.000000000000,Logistic,MAJOR SMALL & LARGE BOWEL PROCEDURES,v2023,"HCUP 2019, 2020, 2021"
MDRG_604,1,-2.180417596689,-2.618487381260,-1.742347812118,95.171058784092,0.000000000000,Logistic,PERITONEAL ADHESIOLYSIS,v2023,"HCUP 2019, 2020, 2021"
MDRG_605,1,-2.880087470646,-3.864732282470,-1.895442658822,32.867320863449,0.000000009867,Logistic,APPENDECTOMY W COMPLICATED PRINCIPAL DIAG,v2023,"HCUP 2019, 2020, 2021"
MDRG_607,1,-1.310443046906,-1.884198466210,-0.736687627602,20.039867381961,0.000007584433,Logistic,MINOR SMALL & LARGE BOWEL PROCEDURES,v2023,"HCUP 2019, 2020, 2021"
MDRG_609,1,-1.971944166926,-2.632336166157,-1.311552167694,34.252933007405,0.000000004839,Logistic,INGUINAL & FEMORAL HERNIA PROCEDURES,v2023,"HCUP 2019, 2020, 2021"
MDRG_610,1,-2.970417471352,-3.717321559607,-2.223513383098,60.759956017499,0.000000000000,Logistic,HERNIA PROCEDURES EXCEPT INGUINAL & FEMORAL,v2023,"HCUP 2019, 2020, 2021"
MDRG_611,1,-1.491187251359,-1.831318474377,-1.151056028342,73.838608806831,0.000000000000,Logistic,OTHER DIGESTIVE SYSTEM O.R. PROCEDURES,v2023,"HCUP 2019, 2020, 2021"
MDRG_612,1,0.533565127369,-0.018900778552,1.086031033290,3.583241289440,0.058365165903,Logistic,MAJOR ESOPHAGEAL DISORDERS,v2023,"HCUP 2019, 2020, 2021"
MDRG_614,1,0.486101126776,0.131978252266,0.840224001286,7.238647636997,0.007135070226,Logistic,DIGESTIVE MALIGNANCY,v2023,"HCUP 2019, 2020, 2021"
MDRG_615,1,0.223654367885,0.044879443588,0.402429292183,6.012480841044,0.014205042571,Logistic,G.I. HEMORRHAGE,v2023,"HCUP 2019, 2020, 2021"
MDRG_701,1,-2.737272099173,-3.223823414896,-2.250720783451,121.58801867115,0.000000000000,Logistic,"PANCREAS, LIVER & SHUNT PROCEDURES",v2023,"HCUP 2019, 2020, 2021"
MDRG_702,1,-2.380076264552,-3.372543569618,-1.387608959486,22.093344881911,0.000002597086,Logistic,BILIARY TRACT PROC EXCEPT ONLY CHOLECYST W OR W/O C.D.E.,v2023,"HCUP 2019, 2020, 2021"
MDRG_704,1,-3.042256023353,-3.932792873375,-2.151719173330,44.833213810101,0.000000000021,Logistic,CHOLECYSTECTOMY EXCEPT BY LAPAROSCOPE W/O C.D.E.,v2023,"HCUP 2019, 2020, 2021"
MDRG_705,1,-3.669512132910,-4.055171887112,-3.283852378709,347.79245681147,0.000000000000,Logistic,LAPAROSCOPIC CHOLECYSTECTOMY W/O C.D.E.,v2023,"HCUP 2019, 2020, 2021"
MDRG_706,1,-2.355303249290,-3.347471226876,-1.363135271704,21.648878007459,0.000003274015,Logistic,HEPATOBILIARY DIAGNOSTIC PROCEDURES,v2023,"HCUP 2019, 2020, 2021"
MDRG_707,1,-2.069375689605,-2.883976864426,-1.254774514784,24.791383535970,0.000000638824,Logistic,OTHER HEPATOBILIARY OR PANCREAS O.R. PROCEDURES,v2023,"HCUP 2019, 2020, 2021"
MDRG_708,1,-0.466565008137,-0.761389801827,-0.171740214446,9.620739694736,0.001923922282,Logistic,CIRRHOSIS & ALCOHOLIC HEPATITIS,v2023,"HCUP 2019, 2020, 2021"
MDRG_709,1,-0.177222275062,-0.552109688221,0.197665138096,0.858513322804,0.354155062271,Logistic,MALIGNANCY OF HEPATOBILIARY SYSTEM OR PANCREAS,v2023,"HCUP 2019, 2020, 2021"
MDRG_710,1,-0.685277605387,-0.999960088469,-0.370595122305,18.217974288571,0.000019701078,Logistic,DISORDERS OF PANCREAS EXCEPT MALIGNANCY,v2023,"HCUP 2019, 2020, 2021"
MDRG_712,1,-0.969784684788,-1.407786940531,-0.531782429046,18.832591708320,0.000014270761,Logistic,DISORDERS OF THE BILIARY TRACT,v2023,"HCUP 2019, 2020, 2021"
MDRG_801,1,-0.436721849932,-0.616098644219,-0.257345055645,22.771386151307,0.000001824623,Logistic,COMBINED ANTERIOR/POSTERIOR SPINAL FUSION,v2023,"HCUP 2019, 2020, 2021"
MDRG_802,1,-0.159740881040,-0.563322501900,0.243840739820,0.601840671184,0.437876587209,Logistic,SPINAL FUS EXC CERV W SPINAL CURV/MALIG/INFEC OR EXT FUS,v2023,"HCUP 2019, 2020, 2021"
MDRG_803,1,-1.024734298206,-1.267838967842,-0.781629628569,68.257139742671,0.000000000000,Logistic,SPINAL FUSION EXCEPT CERVICAL,v2023,"HCUP 2019, 2020, 2021"
MDRG_805,1,0.428430192109,0.233983192081,0.622877192138,18.649611346805,0.000015707929,Logistic,"WND DEBRID & SKN GRFT EXC HAND, FOR MUSCULO-CONN TISS DIS",v2023,"HCUP 2019, 2020, 2021"
MDRG_808,1,-1.493625169460,-1.843965331391,-1.143285007528,69.825738363744,0.000000000000,Logistic,CERVICAL SPINAL FUSION,v2023,"HCUP 2019, 2020, 2021"
MDRG_809,1,-0.801349241506,-1.294870051959,-0.307828431053,10.128493698795,0.001459946678,Logistic,AMPUTATION FOR MUSCULOSKELETAL SYS & CONN TISSUE DIS,v2023,"HCUP 2019, 2020, 2021"
MDRG_810,1,-0.348411367288,-0.693980061133,-0.002842673443,3.905062521689,0.048140836294,Logistic,BIOPSIES OF MUSCULOSKELETAL SYSTEM & CONNECTIVE TISSUE,v2023,"HCUP 2019, 2020, 2021"
MDRG_812,1,0.202307114317,0.067745482710,0.336868745925,8.683443135584,0.003211137619,Logistic,MAJOR JOINT/LIMB REATTACHMENT PROCEDURE OF UPPER EXTREMITIES,v2023,"HCUP 2019, 2020, 2021"
MDRG_813,1,-1.614727149055,-2.492935456556,-0.736518841554,12.987194815138,0.000313628487,Logistic,KNEE PROCEDURES W PDX OF INFECTION,v2023,"HCUP 2019, 2020, 2021"
MDRG_814,1,-0.643456583575,-1.298913959056,0.012000791907,3.702215807767,0.054340259056,Logistic,KNEE PROCEDURES W/O PDX OF INFECTION,v2023,"HCUP 2019, 2020, 2021"
MDRG_815,1,-1.295172602044,-1.726033358356,-0.864311845731,34.713112952208,0.000000003820,Logistic,BACK & NECK PROC EXC SPINAL FUSION  OR DISC DEVICE/NEUROSTIM,v2023,"HCUP 2019, 2020, 2021"
MDRG_816,1,0.910453494037,0.673302268313,1.147604719761,56.620920988665,0.000000000000,Logistic,"LOWER EXTREM & HUMER PROC EXCEPT HIP,FOOT,FEMUR",v2023,"HCUP 2019, 2020, 2021"
MDRG_818,1,-0.072135456583,-0.950819835871,0.806548922706,0.025890706471,0.872167520677,Logistic,LOCAL EXCISION & REMOVAL INT FIX DEVICES OF HIP & FEMUR,v2023,"HCUP 2019, 2020, 2021"
MDRG_819,1,-0.706506918726,-1.094630912895,-0.318382924558,12.729284615099,0.000359974212,Logistic,SOFT TISSUE PROCEDURES,v2023,"HCUP 2019, 2020, 2021"
MDRG_820,1,-0.757940245583,-1.326388447678,-0.189492043488,6.829678882130,0.008965538242,Logistic,FOOT PROCEDURES,v2023,"HCUP 2019, 2020, 2021"
MDRG_824,1,0.513130721394,-0.230196163884,1.256457606671,1.830663381105,0.176049210313,Logistic,"SHOULDER,ELBOW OR FOREARM PROC,EXC MAJOR JOINT PROC",v2023,"HCUP 2019, 2020, 2021"
MDRG_825,1,-0.931776283304,-1.733993203440,-0.129559363169,5.182649173133,0.022813515022,Logistic,"HAND OR WRIST PROC, EXCEPT MAJOR THUMB OR JOINT PROC",v2023,"HCUP 2019, 2020, 2021"
MDRG_826,1,-1.074063446307,-1.441705035200,-0.706421857415,32.788590424952,0.000000010275,Logistic,OTHER MUSCULOSKELET SYS & CONN TISS O.R. PROC,v2023,"HCUP 2019, 2020, 2021"
MDRG_829,1,2.946947227779,2.200116134771,3.693778320788,59.815271575192,0.000000000000,Logistic,"SPRAINS, STRAINS, & DISLOCATIONS OF HIP, PELVIS & THIGH",v2023,"HCUP 2019, 2020, 2021"
MDRG_831,1,1.906166484196,1.600356632158,2.211976336234,149.25567599517,0.000000000000,Logistic,PATHOLOGICAL FRACTURES & MUSCULOSKELET & CONN TISS MALIG,v2023,"HCUP 2019, 2020, 2021"
MDRG_832,1,1.403855297629,0.871937597842,1.935772997416,26.758881069715,0.000000230490,Logistic,CONNECTIVE TISSUE DISORDERS,v2023,"HCUP 2019, 2020, 2021"
MDRG_834,1,1.466964547589,1.173219898716,1.760709196463,95.810134893791,0.000000000000,Logistic,MEDICAL BACK PROBLEMS,v2023,"HCUP 2019, 2020, 2021"
MDRG_835,1,1.311021738573,0.840467076641,1.781576400504,29.820283482670,0.000000047401,Logistic,BONE DISEASES & ARTHROPATHIES,v2023,"HCUP 2019, 2020, 2021"
MDRG_836,1,1.869238524255,1.494357135746,2.244119912763,95.511096122495,0.000000000000,Logistic,SIGNS & SYMPTOMS OF MUSCULOSKELETAL SYSTEM & CONN TISSUE,v2023,"HCUP 2019, 2020, 2021"
MDRG_837,1,1.307198441819,0.879681377019,1.734715506619,35.916025915462,0.000000002060,Logistic,"TENDONITIS, MYOSITIS & BURSITIS",v2023,"HCUP 2019, 2020, 2021"
MDRG_838,1,2.742996095543,2.593072123090,2.892920067995,1285.9389757674,0.000000000000,Logistic,"AFTERCARE, MUSCULOSKELETAL SYSTEM & CONNECTIVE TISSUE",v2023,"HCUP 2019, 2020, 2021"
MDRG_839,1,2.420193577066,1.949501468365,2.890885685768,101.56370051999,0.000000000000,Logistic,"FX, SPRN, STRN & DISL EXCEPT FEMUR, HIP, PELVIS & THIGH",v2023,"HCUP 2019, 2020, 2021"
MDRG_840,1,1.626001449309,1.215864625941,2.036138272677,60.380467703492,0.000000000000,Logistic,OTHER MUSCULOSKELETAL SYS & CONNECTIVE TISSUE DIAGNOSES,v2023,"HCUP 2019, 2020, 2021"
MDRG_901,1,-0.413911721024,-1.157119073386,0.329295631338,1.191537177798,0.275019708484,Logistic,SKIN GRAFT FOR SKIN ULCER OR CELLULITIS,v2023,"HCUP 2019, 2020, 2021"
MDRG_902,1,-1.357952827669,-2.339484511423,-0.376421143914,7.353140493380,0.006694571326,Logistic,SKIN GRAFT EXC FOR SKIN ULCER OR CELLULITIS,v2023,"HCUP 2019, 2020, 2021"
MDRG_903,1,-1.534857684581,-1.902778975433,-1.166936393729,66.855713489235,0.000000000000,Logistic,"OTHER SKIN, SUBCUT TISS & BREAST PROC",v2023,"HCUP 2019, 2020, 2021"
MDRG_910,1,1.064865576671,0.859221665986,1.270509487356,103.00777598366,0.000000000000,Logistic,CELLULITIS,v2023,"HCUP 2019, 2020, 2021"
MDRG_911,1,0.809585128672,0.278049177877,1.341121079467,8.911932724115,0.002833132624,Logistic,"TRAUMA TO THE SKIN, SUBCUT TISS & BREAST",v2023,"HCUP 2019, 2020, 2021"
MDRG_913,1,-1.919813640315,-2.575475781252,-1.264151499377,32.935940831944,0.000000009525,Logistic,SKIN DEBRIDEMENT FOR SKIN ULCER OR CELLULITIS,v2023,"HCUP 2019, 2020, 2021"
MDRG_1002,1,-2.438495360838,-2.891004162846,-1.985986558830,111.55831537729,0.000000000000,Logistic,"AMPUTAT OF LOWER LIMB FOR ENDOCRINE,NUTRIT,& METABOL DIS",v2023,"HCUP 2019, 2020, 2021"
MDRG_1003,1,-3.955222588897,-4.705740437604,-3.204704740191,106.69202337933,0.000000000000,Logistic,O.R. PROCEDURES FOR OBESITY,v2023,"HCUP 2019, 2020, 2021"
MDRG_1004,1,-1.788359672377,-2.276740468997,-1.299978875758,51.511562167672,0.000000000001,Logistic,"SKIN GRAFTS & WOUND DEBRID FOR ENDOC, NUTRIT & METAB DIS",v2023,"HCUP 2019, 2020, 2021"
MDRG_1005,1,-2.503755281749,-3.490263387426,-1.517247176071,24.745405995692,0.000000654246,Logistic,"THYROID, PARATHYROID & THYROGLOSSAL PROCEDURES",v2023,"HCUP 2019, 2020, 2021"
MDRG_1006,1,0.059357259416,-0.153883211041,0.272597729872,0.297660056971,0.585353087061,Logistic,"OTHER ENDOCRINE, NUTRIT & METAB O.R. PROC",v2023,"HCUP 2019, 2020, 2021"
MDRG_1010,1,0.415334830847,0.105548173576,0.725121488117,6.905314016831,0.008593993102,Logistic,ENDOCRINE DISORDERS,v2023,"HCUP 2019, 2020, 2021"
MDRG_1101,1,-3.774020267184,-4.763781238020,-2.784259296349,55.854729157739,0.000000000000,Logistic,KIDNEY TRANSPLANT,v2023,"HCUP 2019, 2020, 2021"
MDRG_1102,1,-3.043916104591,-3.710203710669,-2.377628498513,80.177780495287,0.000000000000,Logistic,MAJOR BLADDER PROCEDURES,v2023,"HCUP 2019, 2020, 2021"
MDRG_1103,1,-3.710214232835,-4.315446187050,-3.104982278620,144.36649693482,0.000000000000,Logistic,KIDNEY & URETER PROCEDURES FOR NEOPLASM,v2023,"HCUP 2019, 2020, 2021"
MDRG_1104,1,-3.419347540923,-3.742085858250,-3.096609223595,431.21868516653,0.000000000000,Logistic,KIDNEY & URETER PROCEDURES FOR NON-NEOPLASM,v2023,"HCUP 2019, 2020, 2021"
MDRG_1105,1,-2.666250148747,-3.552576149140,-1.779924148353,34.763776491252,0.000000003722,Logistic,MINOR BLADDER PROCEDURES,v2023,"HCUP 2019, 2020, 2021"
MDRG_1106,1,-2.724328822568,-3.713276198433,-1.735381446702,29.153105759230,0.000000066878,Logistic,PROSTATECTOMY,v2023,"HCUP 2019, 2020, 2021"
MDRG_1107,1,-2.923925302046,-3.463644527873,-2.384206076219,112.74801695560,0.000000000000,Logistic,TRANSURETHRAL PROCEDURES,v2023,"HCUP 2019, 2020, 2021"
MDRG_1109,1,-2.746860746614,-3.046681796200,-2.447039697028,322.44911463740,0.000000000000,Logistic,OTHER KIDNEY & URINARY TRACT PROCEDURES,v2023,"HCUP 2019, 2020, 2021"
MDRG_1110,1,-1.125354931586,-1.334356223078,-0.916353640094,111.37641639563,0.000000000000,Logistic,RENAL FAILURE,v2023,"HCUP 2019, 2020, 2021"
MDRG_1113,1,-0.864258549360,-1.066186056816,-0.662331041903,70.373401376968,0.000000000000,Logistic,KIDNEY & URINARY TRACT INFECTIONS,v2023,"HCUP 2019, 2020, 2021"
MDRG_1115,1,-1.203531277295,-2.092079998359,-0.314982556232,7.047975940218,0.007935487070,Logistic,URINARY STONES,v2023,"HCUP 2019, 2020, 2021"
MDRG_1118,1,-1.405211579356,-1.722918606402,-1.087504552309,75.152241958640,0.000000000000,Logistic,OTHER KIDNEY & URINARY TRACT DIAGNOSES,v2023,"HCUP 2019, 2020, 2021"
MDRG_1204,1,-0.855180210706,-2.061741965266,0.351381543854,1.929871167651,0.164772540489,Logistic,TRANSURETHRAL PROSTATECTOMY,v2023,"HCUP 2019, 2020, 2021"
MDRG_1309,1,3.409053923368,2.498391323322,4.319716523413,53.835020467512,0.000000000000,Logistic,"MALIGNANCY, FEMALE REPRODUCTIVE SYSTEM",v2023,"HCUP 2019, 2020, 2021"
MDRG_1602,1,-2.127824746165,-3.273835183234,-0.981814309097,13.243619895293,0.000273509209,Logistic,OTHER O.R. PROC OF THE BLOOD & BLOOD FORMING ORGANS,v2023,"HCUP 2019, 2020, 2021"
MDRG_1605,1,0.378194272866,-0.116068691489,0.872457237221,2.249188733482,0.133684471923,Logistic,COAGULATION DISORDERS,v2023,"HCUP 2019, 2020, 2021"
MDRG_1707,1,-2.087171251449,-2.969425109142,-1.204917393757,21.500134614292,0.000003538038,Logistic,LYMPHOMA & LEUKEMIA W MAJOR O.R. PROCEDURE,v2023,"HCUP 2019, 2020, 2021"
MDRG_1708,1,-1.533767168281,-2.100034678010,-0.967499658551,28.183032954205,0.000000110368,Logistic,LYMPHOMA & NON-ACUTE LEUKEMIA W OTHER O.R. PROC,v2023,"HCUP 2019, 2020, 2021"
MDRG_1709,1,-1.997535950644,-2.826748887344,-1.168323013944,22.293035791664,0.000002340539,Logistic,MYELOPROLIF DISORD OR POORLY DIFF NEOPL W MAJ O.R. PROC,v2023,"HCUP 2019, 2020, 2021"
MDRG_1710,1,-0.712719505071,-1.285862321204,-0.139576688937,5.940509912309,0.014796737218,Logistic,MYELOPROLIF DISORD OR POORLY DIFF NEOPL W OTHER O.R. PROC,v2023,"HCUP 2019, 2020, 2021"
MDRG_1711,1,1.392766892377,0.899276940967,1.886256843788,30.599362890228,0.000000031720,Logistic,ACUTE LEUKEMIA W/O MAJOR O.R. PROCEDURE,v2023,"HCUP 2019, 2020, 2021"
MDRG_1712,1,0.549602245679,-0.122364296104,1.221568787462,2.569885896809,0.108915587670,Logistic,CHEMO W ACUTE LEUKEMIA,v2023,"HCUP 2019, 2020, 2021"
MDRG_1713,1,0.356571795487,-0.165069982448,0.878213573423,1.794987322235,0.180319686439,Logistic,LYMPHOMA & NON-ACUTE LEUKEMIA,v2023,"HCUP 2019, 2020, 2021"
MDRG_1714,1,0.617077519729,-0.104034401509,1.338189440967,2.813106943594,0.093497137710,Logistic,OTHER MYELOPROLIF DIS OR POORLY DIFF NEOPL DIAG,v2023,"HCUP 2019, 2020, 2021"
MDRG_1801,1,-0.883728161398,-1.015047681492,-0.752408641305,173.97664767122,0.000000000000,Logistic,INFECTIOUS & PARASITIC DISEASES W O.R. PROCEDURE,v2023,"HCUP 2019, 2020, 2021"
MDRG_1802,1,-1.303518788377,-1.603679074552,-1.003358502201,72.450313954478,0.000000000000,Logistic,POSTOPERATIVE OR POST-TRAUMATIC INFECTIONS W O.R. PROC,v2023,"HCUP 2019, 2020, 2021"
MDRG_1806,1,1.170531979819,0.545611446803,1.795452512836,13.478113850823,0.000241362304,Logistic,OTHER INFECTIOUS & PARASITIC DISEASES DIAGNOSES,v2023,"HCUP 2019, 2020, 2021"
MDRG_1807,1,0.782734897107,0.533833239890,1.031636554324,37.991457893572,0.000000000711,Logistic,SEPTICEMIA OR SEVERE SEPSIS W MV >96 HOURS,v2023,"HCUP 2019, 2020, 2021"
MDRG_1909,1,2.885952891603,2.680855135785,3.091050647422,760.62185766312,0.000000000000,Logistic,O.R. PROCEDURE W PRINCIPAL DIAGNOSES OF MENTAL ILLNESS,v2023,"HCUP 2019, 2020, 2021"
MDRG_1910,1,1.842458494500,1.447226709921,2.237690279078,83.484113997931,0.000000000000,Logistic,ACUTE ADJUSTMENT REACTION & PSYCHOSOCIAL DYSFUNCTION,v2023,"HCUP 2019, 2020, 2021"
MDRG_1911,1,1.887263119495,1.554944707636,2.219581531353,123.89912561701,0.000000000000,Logistic,DEPRESSIVE NEUROSES,v2023,"HCUP 2019, 2020, 2021"
MDRG_1913,1,2.433665689722,1.880159486507,2.987171892936,74.265822730258,0.000000000000,Logistic,DISORDERS OF PERSONALITY & IMPULSE CONTROL,v2023,"HCUP 2019, 2020, 2021"
MDRG_1914,1,2.944343058687,2.782485385939,3.106200731435,1271.2248674367,0.000000000000,Logistic,ORGANIC DISTURBANCES & MENTAL RETARDATION,v2023,"HCUP 2019, 2020, 2021"
MDRG_1915,1,2.595524639544,2.480932283779,2.710116995309,1970.8390532466,0.000000000000,Logistic,PSYCHOSES,v2023,"HCUP 2019, 2020, 2021"
MDRG_1916,1,2.571112851787,1.434741841871,3.707483861704,19.665913717192,0.000009223198,Logistic,BEHAVIORAL & DEVELOPMENTAL DISORDERS,v2023,"HCUP 2019, 2020, 2021"
MDRG_2101,1,-1.007834050685,-1.750658776753,-0.265009324617,7.071596862504,0.007831542600,Logistic,WOUND DEBRIDEMENTS FOR INJURIES,v2023,"HCUP 2019, 2020, 2021"
MDRG_2103,1,-0.563801695741,-1.697182970775,0.569579579292,0.950632880830,0.329558255258,Logistic,HAND PROCEDURES FOR INJURIES,v2023,"HCUP 2019, 2020, 2021"
MDRG_2104,1,-0.382998173097,-0.615528961603,-0.150467384590,10.421845218629,0.001245334053,Logistic,OTHER O.R. PROCEDURES FOR INJURIES,v2023,"HCUP 2019, 2020, 2021"
MDRG_2105,1,2.247440179835,1.696195689872,2.798684669798,63.855734051473,0.000000000000,Logistic,TRAUMATIC INJURY,v2023,"HCUP 2019, 2020, 2021"
MDRG_2107,1,1.257968995881,1.024139772477,1.491798219286,111.18711029316,0.000000000000,Logistic,POISONING & TOXIC EFFECTS OF DRUGS,v2023,"HCUP 2019, 2020, 2021"
MDRG_2201,1,-0.344801154336,-1.040376142829,0.350773834158,0.943977516435,0.331257021130,Logistic,FULL THICKNESS BURN W SKIN GRAFT OR INHAL INJ,v2023,"HCUP 2019, 2020, 2021"
MDRG_2301,1,0.674368758656,0.338537382000,1.010200135312,15.490466199955,0.000082922441,Logistic,O.R. PROC W DIAGNOSES OF OTHER CONTACT W HEALTH SERVICES,v2023,"HCUP 2019, 2020, 2021"
MDRG_2302,1,2.145246908227,1.838843309875,2.451650506578,188.31243088979,0.000000000000,Logistic,REHABILITATION,v2023,"HCUP 2019, 2020, 2021"
MDRG_2303,1,1.892343203351,1.690746908637,2.093939498065,338.49079340782,0.000000000000,Logistic,SIGNS & SYMPTOMS,v2023,"HCUP 2019, 2020, 2021"
MDRG_2304,1,2.549212137672,2.309983154156,2.788441121188,436.21089455591,0.000000000000,Logistic,AFTERCARE,v2023,"HCUP 2019, 2020, 2021"
MDRG_2305,1,-0.515632500430,-1.262143681632,0.230878680771,1.832821097126,0.175794694681,Logistic,OTHER FACTORS INFLUENCING HEALTH STATUS,v2023,"HCUP 2019, 2020, 2021"
MDRG_2406,1,-1.026198506706,-1.662090675400,-0.390306338011,10.004789290410,0.001561336543,Logistic,CRANIOTOMY FOR MULTIPLE SIGNIFICANT TRAUMA,v2023,"HCUP 2019, 2020, 2021"
MDRG_2408,1,-2.298402346729,-2.747507227556,-1.849297465903,100.61638405409,0.000000000000,Logistic,OTHER O.R. PROCEDURES FOR MULTIPLE SIGNIFICANT TRAUMA,v2023,"HCUP 2019, 2020, 2021"
MDRG_2409,1,0.236758377663,-0.199710225354,0.673226980680,1.130360144728,0.287698532413,Logistic,OTHER MULTIPLE SIGNIFICANT TRAUMA,v2023,"HCUP 2019, 2020, 2021"
MDRG_2501,1,1.019000836601,0.361297437793,1.676704235409,9.221488978196,0.002391909410,Logistic,HIV W EXTENSIVE O.R. PROCEDURE,v2023,"HCUP 2019, 2020, 2021"
MDRG_2502,1,1.344789959024,0.770442221056,1.919137696992,21.060623691578,0.000004449788,Logistic,HIV W MAJOR RELATED CONDITION,v2023,"HCUP 2019, 2020, 2021"
MDRG_7701,1,-1.057468570581,-1.555340473871,-0.559596667291,17.330529950425,0.000031409982,Logistic,HEART TRANSPLANT OR IMPLANT OF HEART ASSIST SYSTEM,v2023,"HCUP 2019, 2020, 2021"
MDRG_7702,1,-1.368117570695,-1.843785902327,-0.892449239062,31.779752217841,0.000000017268,Logistic,LIVER TRANSPLANT,v2023,"HCUP 2019, 2020, 2021"
MDRG_7705,1,-0.417260205520,-0.879630956021,0.045110544982,3.128566367072,0.076931365889,Logistic,ALLOGENEIC  OR AUTOLOGOUS BONE MARROW TRANSPLANT,v2023,"HCUP 2019, 2020, 2021"
TRNSFER,1,-0.008247976556,-0.063427665550,0.046931712438,0.085831851659,0.769544520675,Logistic,TRANSFER FROM ANOTHER ACUTE CARE HOSPITAL,v2023,"HCUP 2019, 2020, 2021"
MEDICDR,1,-2.762535462156,-2.835612412213,-2.689458512099,5489.9329387827,0.000000000000,Logistic,Medical DRGs flag,v2023,"HCUP 2019, 2020, 2021"
COVIDDX_Q1,1,-0.136110782372,-1.118752883916,0.846531319172,0.073706615263,0.786014479952,Logistic,"COVID, Quarter 1, 2020",v2023,"HCUP 2019, 2020, 2021"
COVIDDX_Q2,1,-0.106264339271,-0.338807269009,0.126278590466,0.802196856340,0.370437356216,Logistic,"COVID, Quarter 2, 2020",v2023,"HCUP 2019, 2020, 2021"
COVIDDX_Q3,1,-0.092140240973,-0.331872037396,0.147591555450,0.567491747819,0.451257353987,Logistic,"COVID, Quarter 3, 2020",v2023,"HCUP 2019, 2020, 2021"
COVIDDX_Q4,1,-0.004297225009,-0.185893078592,0.177298628574,0.002151178636,0.963006739191,Logistic,"COVID, Quarter 4, 2020",v2023,"HCUP 2019, 2020, 2021"
COVIDDX_Q5,1,0.125017724311,-0.084366928380,0.334402377003,1.369511329099,0.241895861860,Logistic,"COVID, Quarter 1, 2021",v2023,"HCUP 2019, 2020, 2021"
COVIDDX_Q6,1,-0.013876471328,-0.409221916674,0.381468974017,0.004732784701,0.945152609041,Logistic,"COVID, Quarter 2, 2021",v2023,"HCUP 2019, 2020, 2021"
COVIDDX_Q7,1,-0.075910819158,-0.408922440129,0.257100801814,0.199618468945,0.655028983277,Logistic,"COVID, Quarter 3, 2021",v2023,"HCUP 2019, 2020, 2021"
COVIDDX_Q8,1,0.146934659056,-0.106771259965,0.400640578076,1.288544563056,0.256316342469,Logistic,"COVID, Quarter 4, 2021",v2023,"HCUP 2019, 2020, 2021"
YEAR_2019,1,0.117227039552,0.039335138772,0.195118940331,8.701279791421,0.003179867169,Logistic,Discharge YEAR is 2019 or before 2019,v2023,"HCUP 2019, 2020, 2021"
Q1,1,0.066326022602,-0.023257522549,0.155909567752,2.105831228115,0.146738584882,Logistic,"Quarter 1, 2020",v2023,"HCUP 2019, 2020, 2021"
Q2,1,0.209424693413,0.117360328222,0.301489058603,19.878554166463,0.000008252087,Logistic,"Quarter 2, 2020",v2023,"HCUP 2019, 2020, 2021"
Q3,1,0.198354819713,0.109102483792,0.287607155634,18.973981608752,0.000013251316,Logistic,"Quarter 3, 2020",v2023,"HCUP 2019, 2020, 2021"
Q4,1,0.186824625516,0.096722353586,0.276926897446,16.516153092023,0.000048237373,Logistic,"Quarter 4, 2020",v2023,"HCUP 2019, 2020, 2021"
Q5,1,0.051068252443,-0.052904997722,0.155041502608,0.926767713750,0.335704243525,Logistic,"Quarter 1, 2021",v2023,"HCUP 2019, 2020, 2021"
Q6,1,-0.072105166660,-0.176035988378,0.031825655059,1.849082083998,0.173890191174,Logistic,"Quarter 2, 2021",v2023,"HCUP 2019, 2020, 2021"
Q7,1,0.000224588345,-0.103146930875,0.103596107566,0.000018133631,0.996602330459,Logistic,"Quarter 3, 2021",v2023,"HCUP 2019, 2020, 2021"
